Rank,TeamId,TeamName,LastSubmissionDate,Score,SubmissionCount,TeamMemberUserNames
1,16677252,カワシギ,"2026-08-12 16:50:03",3195.1,2,kawashigi
2,16676904,researchstudio.site,"2026-08-12 05:18:51",3157.1,2,fistyee
3,16678534,"Filip Strzałka","2026-08-12 11:36:38",3145.9,2,snufkin77
4,16673205,"Arda Ceylan","2026-08-12 13:15:01",3128.1,2,ardacey
5,16654490,"Furious Monk","2026-08-12 04:48:55",3111.3,2,furiousmonk
6,16691830,"Nikita Lugovoy","2026-08-11 18:49:34",3109.4,2,nikital7
7,16669148,"Syed Muhammad Gillani","2026-08-12 11:28:24",3109.1,2,syedmuhammadgillani
8,16671088,jasonstillchasin,"2026-08-11 23:41:02",3090.2,2,jasonstillchasin
9,16658038,Khanh,"2026-08-12 05:21:08",3082.1,2,khanhp142
10,16660483,TIM,"2026-08-12 00:36:15",3077.1,2,daynoryamil
11,16639250,"Hamed Seyed-allaei","2026-08-12 10:06:01",3075.9,2,pinocchio
12,16705139,gogogo,"2026-08-12 10:36:01",3074.7,2,huzech
13,16708546,"Blue Rain","2026-08-12 13:35:15",3071.2,2,bluefeather386
14,16626332,"MD. Nazmus Sakib Anik","2026-08-12 14:18:31",3059.8,2,beyondlogic
15,16640785,"syouya tobita","2026-08-12 06:20:45",3059.5,2,syouyatobita
16,16674949,"Lev Neganov","2026-08-12 08:53:23",3053.2,2,levoel
17,16702975,RicardoLópez,"2026-08-12 13:43:07",3050.5,2,richi2489
18,16710661,"Pengyi Peng1","2026-08-12 11:34:15",3047.2,2,pengyipeng1
19,16672653,Cultuurstelsel,"2026-08-12 07:43:02",3037.1,2,ryuorlandotamin
20,16658382,vladee,"2026-08-12 09:29:17",3037.0,2,vladee
21,16636094,Hax2456,"2026-08-12 09:30:48",3033.1,2,hax2456
22,16654881,Freddy,"2026-08-12 13:34:13",3030.1,2,twoxding
23,16689952,"Lazarus Ogero","2026-08-11 16:44:08",3029.8,2,lazarusogero
24,16671376,Lebxgue.,"2026-08-12 10:55:20",3028.1,2,yukieja
25,16699741,Tom3,"2026-08-12 12:00:10",3027.4,2,tomohiroaz
26,16639625,"Dr Chandrasen Pandey","2026-08-12 03:07:11",3026.1,2,devchandra
27,16654091,webmaking,"2026-08-12 14:22:28",3025.0,2,webmaking
28,16690763,chungkuangwen,"2026-08-11 17:11:41",3023.3,2,chungkuangwen
29,16673230,saitamad,"2026-08-12 04:20:31",3014.8,2,saitamad
30,16685548,"Erfan Eshratifar","2026-08-12 14:03:00",3014.4,2,erfaneshrati
31,16683435,CoorDi,"2026-08-12 16:25:36",3010.9,2,bxy0125
32,16671454,Shadow,"2026-08-12 07:06:04",3008.9,2,uziahmd
33,16685160,Yura,"2026-08-12 06:37:48",3008.1,2,yuratrubitsyn
34,16677568,yarneo,"2026-08-12 10:59:29",3007.9,2,yarneo
35,16634166,Yuki.O,"2026-08-12 09:38:23",3007.5,2,yukiohkawa
36,16627032,"Kaito Fukami","2026-08-12 16:49:11",3006.4,2,kaitofukami
37,16663946,"Hello San Francisco","2026-08-12 11:35:04",3005.0,2,"circiumaru,dulgherustefan,radugoga"
38,16665927,"bhavya shah","2026-08-11 16:36:40",3004.2,2,bhavyashah007
39,16712134,cf696666,"2026-08-12 13:19:49",3001.8,2,cf33333
40,16667324,"Muhammed selim Bilic","2026-08-12 12:16:28",3001.7,2,muhammedselimbilic
41,16623969,"Akira Imae","2026-08-12 08:20:15",2996.5,2,imaeakira
42,16709468,"Andrey Chankin","2026-08-12 07:37:30",2995.4,2,bluepill
43,16700116,Goldian,"2026-08-11 22:23:41",2994.5,2,goldian
44,16655477,"Nitesh Ranjan Singh","2026-08-12 14:21:37",2994.1,2,niteshranjansingh
45,16623608,"Dmitry Larko","2026-08-12 01:36:31",2991.7,2,dmitrylarko
46,16637546,Forrest,"2026-08-12 09:03:06",2990.3,2,yinxiaogang
47,16655478,Bruce,"2026-08-12 09:39:04",2985.4,2,bruceqdu
48,16645712,"Changye Li","2026-08-11 21:30:42",2984.9,2,antoinegg1
49,16704818,probably6767,"2026-08-12 09:22:17",2972.5,2,probably6767
50,16663818,"Mike Mordetsky","2026-08-12 11:22:49",2970.6,2,mikemordetsky
51,16663247,Ak,"2026-08-11 20:17:40",2968.5,2,abisheksrivastav
52,16632867,"Rayk Kretzschmar","2026-08-12 12:58:37",2967.8,2,raykkretzschmar
53,16661768,"Lợi Trần Bảo","2026-08-12 15:44:06",2962.3,2,litrnbo
54,16693965,ra5anchor,"2026-08-12 06:40:21",2962.1,2,junmitsui
55,16661667,"Wufang Hong","2026-08-11 21:42:01",2960.7,2,wufanghong
56,16657494,Trex,"2026-08-12 14:00:14",2960.7,2,trexzone
57,16659081,"JALKARNA GAUTAM","2026-08-12 16:42:23",2959.1,2,jalkarnagautam
58,16635663,"Pascal Pfeiffer","2026-08-12 10:30:19",2957.5,2,ilu000
59,16686918,JustinLee,"2026-08-12 07:52:54",2953.7,2,justin2061
60,16641138,"Bharath Varma","2026-08-12 11:07:31",2952.7,2,bharath111l
61,16698726,"Honeey L","2026-08-12 05:59:59",2950.8,2,honeeyl
62,16624893,"GURU Prasaatha S","2026-08-11 13:29:35",2948.9,2,guruprasaathas111
63,16672315,CemBas,"2026-08-12 06:51:13",2948.3,2,cembas
64,16669926,Jince,"2026-08-12 13:16:38",2948.0,2,jincesaju
65,16682867,sneaky6767,"2026-08-12 09:21:52",2947.0,2,sneaky6767
66,16677149,"Umataro Tenma","2026-08-12 04:24:15",2946.3,2,umatarotenma
67,16668721,"Efe Can Celiksoy","2026-08-11 15:07:34",2946.2,2,efecnc
68,16623990,senkin13,"2026-08-12 15:57:00",2944.2,2,senkin13
69,16709176,Efnutrrionpy,"2026-08-12 04:24:11",2939.2,2,efnutrrionpy
70,16644565,Suda,"2026-08-12 13:43:48",2939.0,2,chaneyma
71,16663498,"Braxton Dyer","2026-08-12 12:55:12",2933.9,2,braxtondyer
72,16663748,Calmracer,"2026-08-12 06:24:32",2932.1,2,ethanhall123
73,16668162,AlejandroAlvarez,"2026-08-12 14:08:05",2929.6,2,theworm
74,16624979,"Mohamed abdelrazik","2026-08-12 16:25:57",2928.7,2,mohamed3abdelrazik
75,16655255,MalelizarazoP,"2026-08-12 12:56:19",2925.9,2,malelizarazop
76,16699082,Sakthei,"2026-08-12 11:28:54",2921.1,2,sakthei
77,16644160,"Saravana Rajan B","2026-08-12 10:31:25",2920.8,2,saravanarajanb
78,16621497,"Victor @ Tufa Labs","2026-08-12 10:03:34",2915.9,2,vmerckle
79,16629624,"Sayandeep Ghosh","2026-08-12 10:28:51",2914.6,2,sayandeepghosh
80,16641169,boatlee,"2026-08-12 13:32:12",2909.7,2,boatlee
81,16663166,Rey4Dan,"2026-08-11 21:33:13",2908.4,2,rey4dan
82,16683813,WangQrkkk,"2026-08-12 09:58:24",2907.4,2,wangqrkkk
83,16693439,"Ankit Hemant Lade","2026-08-12 03:28:27",2907.4,2,"ankitlade12,jsaikrishna"
84,16691702,kss,"2026-08-12 13:33:25",2906.8,2,l0glikelihood
85,16702754,"cloud farm","2026-08-12 11:27:44",2905.0,2,"borismatsakov,kirya1"
86,16630675,"Lucien de Rubempre","2026-08-12 12:13:39",2903.3,2,lucienderubempre
87,16689748,cheesytoasts,"2026-08-12 12:44:52",2902.8,2,cheesinnn
88,16670276,"Egor Trushin","2026-08-12 06:59:36",2900.1,2,egortrushin
89,16677938,"Hajime Tamura","2026-08-11 10:51:44",2899.6,2,thajime
90,16682183,lihaha.36,"2026-08-12 05:31:30",2898.4,2,lihaha36
91,16641077,lucaskna,"2026-08-11 22:15:15",2895.0,2,lucaskna
92,16682195,celefefwefwe1,"2026-08-12 05:32:43",2893.0,2,celefefwefwe1
93,16696631,"saya akan lawan!","2026-08-12 03:11:52",2890.9,2,nurhadibudhy
94,16665337,BHackers,"2026-08-11 17:01:13",2888.8,2,clarencepagaduan
95,16658343,aisamhottman,"2026-08-12 14:03:24",2884.9,2,heuingttiang
96,16631752,"Junichiro Morita","2026-08-12 12:35:11",2882.6,2,junichiromorita
97,16655277,GUAM,"2026-08-12 08:01:18",2880.8,2,"jeongminlee92,kmmmvs"
98,16688220,Aadi,"2026-08-12 15:27:29",2880.4,2,aadicv
99,16695608,"Elie Elias","2026-08-12 14:14:48",2880.4,2,elieelias
100,16698136,"David Estevez","2026-08-12 16:09:27",2880.3,2,destbreso
101,16674586,"Stanislav Ilin","2026-08-12 16:32:17",2880.0,2,stanislavilin2026ai
102,16652750,"Bahadir Selim Bakla ","2026-08-11 15:54:35",2878.7,2,bahadirselimbakla
103,16632783,chocolat,"2026-08-12 09:47:37",2876.8,2,chocolatnya999
104,16663590,"Jakub Dolének","2026-08-12 12:02:50",2874.0,2,dolenek
105,16705830,"Grim Reaper","2026-08-12 04:35:26",2872.6,2,fathomable
106,16632172,Ayodeji,"2026-08-12 14:53:32",2871.5,2,ayodejiibrahimlateef
107,16672128,Cliffton,"2026-08-12 05:24:43",2871.0,2,rieltzx
108,16635504,"Datta Dhebe","2026-08-11 10:04:40",2870.5,2,dattadhebe
109,16690401,Skyspace,"2026-08-12 13:38:14",2870.0,2,empireblue
110,16674683,"Ali Esam","2026-08-12 13:07:30",2869.7,2,zyxsu0
111,16661362,BEETRiX🦋,"2026-08-11 14:42:28",2865.9,2,johannaleighdeley
112,16622349,"Mengfei Li","2026-08-12 12:07:11",2865.1,2,meli19
113,16700204,"ZHOU HONGYI","2026-08-11 16:17:10",2864.7,2,zhouhyz
114,16640540,QYQ1693,"2026-08-12 10:06:55",2864.1,2,qyq1693
115,16639844,MaxChen303,"2026-08-12 14:41:02",2859.6,2,maxchen303
116,16683755,"Meng Di","2026-08-12 09:46:31",2857.7,2,hughshaoqz
117,16661558,안녕하세요이세입니다잘부탁드립니다,"2026-08-11 22:05:48",2855.4,2,municef1
118,16672374,"kelly waldeck","2026-08-11 21:07:30",2853.5,2,kellywaldeck
119,16668622,"Michael McGrain","2026-08-11 18:53:31",2850.8,2,michaelmcgrain
120,16633341,Hak,"2026-08-12 12:02:48",2848.0,2,hakdevelopment
121,16682494,Phi,"2026-08-12 05:06:14",2847.9,2,ajinomoto132
122,16633688,Ryo,"2026-08-12 12:49:15",2846.8,2,ryosukekurakami
123,16661039,Abracadabra,"2026-08-12 14:39:25",2841.1,2,giovannicr
124,16662949,"Will English","2026-08-11 17:24:42",2839.5,2,dubascudes
125,16659467,AlexMoura2026,"2026-08-12 13:02:33",2837.4,2,alexmoura2023
126,16664232,"Eddy Despradel","2026-08-12 05:01:55",2837.2,2,eddydespradel
127,16693534,HireMe,"2026-08-12 12:28:17",2836.1,2,junta1104
128,16659215,"Zhizhou Sha","2026-08-11 17:39:55",2835.8,2,zhizhousha
129,16660233,ko9ma,"2026-08-12 04:43:59",2835.5,2,kohojung
130,16659763,clarkzhang1031,"2026-08-12 12:33:33",2832.4,2,"clarkzhang1031,huafeihuang"
131,16691219,"Yike Xu","2026-08-12 12:34:14",2831.6,2,weiyun22021
132,16661685,"Lê Ngọc Lâm","2026-08-11 12:34:40",2831.4,2,lengoclam
133,16662883,OceanMix,"2026-08-12 08:18:55",2831.0,2,"cggonzalezsc,fierus,liesvyvalladares"
134,16675351,-Beterraba,"2026-08-12 12:04:50",2829.5,2,"afonsoo,miguelottoni"
135,16657825,MilanJoshi,"2026-08-12 03:25:48",2829.2,2,mlnjsh
136,16663867,Steve421471,"2026-08-12 14:17:43",2827.5,2,steve421471
137,16655789,"wen chong yu","2026-08-11 16:27:03",2826.5,2,wenchongyu
138,16665214,Epiphany_Thu,"2026-08-12 08:51:31",2825.6,2,epiphanythu
139,16621735,VN-Orion,"2026-08-12 13:40:41",2822.9,2,fastthanh78
140,16657290,lol-hiker,"2026-08-12 05:15:09",2821.4,2,lolhiker
141,16692090,sans,"2026-08-12 03:14:55",2821.2,2,sans6262q
142,16677847,ShiviWhivi,"2026-08-12 14:07:23",2820.6,2,blackpearls1
143,16699947,HKmgikao,"2026-08-12 05:55:33",2819.8,2,hitoshikmgai
144,16661607,choqui62,"2026-08-12 08:04:01",2819.8,2,choqui62
145,16660711,ricardo,"2026-08-11 20:22:10",2819.7,2,magania
146,16697675,"Isaac Grossman","2026-08-12 05:01:32",2819.5,2,kingisaac
147,16696098,Valmorlee,"2026-08-11 20:34:50",2818.2,2,valmorlee
148,16662914,"Apollo's cattles","2026-08-12 16:15:08",2814.0,2,"icr007,kennethlie16,romanrozen"
149,16621355,Raiden.B,"2026-08-12 05:49:42",2812.3,2,raidenb
150,16692110,"Ahmed Khudair","2026-08-11 22:33:06",2811.4,1,ahmedkhudair121
151,16670569,Ezzzzzekki,"2026-08-10 16:15:22",2810.1,2,abdullahelzeki
152,16639520,"Cary Jin","2026-08-12 10:39:50",2809.9,2,strigiformes
153,16654042,B.Pushpanjali,"2026-08-11 06:28:45",2809.7,2,"bpushpanjali,vinithwade"
154,16665402,PrasadChopade213,"2026-08-12 11:43:31",2806.9,2,prasadchopade213
155,16672549,"Yubo WANG","2026-08-12 16:26:56",2805.5,2,arksey
156,16626582,"Omer Faruk Merey","2026-08-12 09:50:50",2805.0,2,omerfarukmerey
157,16693904,DeeperNet,"2026-08-12 05:43:25",2803.2,2,deepernet
158,16669715,housssaamos,"2026-08-11 21:35:07",2802.6,2,housssaamos
159,16681749,"rohith vinice","2026-08-11 23:55:16",2802.6,2,rohithvinice
160,16668564,"Rikito Kanda","2026-08-12 02:05:16",2800.6,2,rikitokanda
161,16685047,Yvonne.,"2026-08-12 10:32:07",2799.5,2,zdawer250
162,16629685,mikelou1,"2026-08-12 14:43:09",2796.0,2,mikelou1
163,16689186,NCK,"2026-08-12 08:18:24",2792.4,2,drnchaitanyakumar
164,16695176,"Zakaria Settar","2026-08-11 21:34:09",2783.1,2,zakariasettar
165,16682936,"Latifa Riziki","2026-08-12 09:38:13",2779.2,2,latifariziki
166,16671012,"Sean Zhang","2026-08-12 16:08:57",2779.1,2,seanzhang2445
167,16680065,Vishodhan,"2026-08-11 15:11:33",2775.2,2,vishodhan
168,16692164,Abdulrahman.su10,"2026-08-11 20:35:39",2774.1,1,abdulrahmansu10
169,16623875,"Pavlo Ivanin","2026-08-11 14:34:58",2773.4,2,pavloivanin
170,16660268,"Sébastien Mametz (Pixs)","2026-08-12 06:19:04",2772.9,2,sbastienmametzpixs
171,16696997,coolin666,"2026-08-11 15:55:47",2772.8,2,coolin666
172,16683567,supr3mum,"2026-08-12 15:37:19",2770.9,2,friklez
173,16665809,"Saravanan Jaichandaran","2026-08-11 16:44:07",2770.2,2,saranchandar
174,16675088,"Andrei Chulkov","2026-08-12 05:29:47",2769.6,2,andreichulkov
175,16661509,JSON_Voorhees,"2026-08-12 13:43:49",2767.6,2,michaelgreenhut
176,16663445,"ali dzaki","2026-08-12 15:15:24",2767.0,2,alidzaki
177,16690113,m0chi1216,"2026-08-12 15:01:31",2766.9,2,m0chi1216
178,16659328,"Muhammed Ashiq Abdul Khader","2026-08-12 07:13:09",2766.8,2,ashiqabdulkhader
179,16692103,HaniJezo,"2026-08-11 20:32:40",2765.8,1,hanijezo
180,16688368,"Lam Vo","2026-08-12 07:23:18",2764.3,2,nhatlam
181,16660220,tomo11111,"2026-08-11 15:14:00",2762.4,2,tomo11111
182,16689018,Yoruet,"2026-08-11 14:44:26",2762.0,2,yoruet
183,16662681,"Vernon Campbell","2026-08-11 17:43:48",2758.1,2,vernoncampbell
184,16667922,JungHwan,"2026-08-12 14:26:46",2753.1,2,najunghwan
185,16703045,ReCurSiON,"2026-08-12 16:12:31",2751.6,2,ashok205
186,16624934,"Haramball forever!","2026-08-10 17:31:07",2750.5,2,envyy23120093
187,16665237,"get some fries","2026-08-11 17:13:13",2749.3,2,"richardsilence,tongyuexiao"
188,16658287,ArturoSirvent,"2026-08-12 13:03:16",2748.7,2,arturosirvent
189,16634246,just_calculate,"2026-08-12 14:41:06",2748.2,2,justcalculate
190,16674479,"Alan Rosston","2026-08-12 07:57:48",2745.9,2,alanrosston
191,16660137,Densike,"2026-08-12 14:57:25",2745.7,2,densike
192,16653068,"Shuichi Fushimi","2026-08-11 10:55:05",2743.5,2,shuichifushimi
193,16697021,Vaishnavi22052006,"2026-08-11 18:43:08",2743.1,2,vaishnavi22052006
194,16655877,"Harish K","2026-08-12 10:07:38",2740.6,2,harishk2209
195,16634156,"Hiroyasu Okuno","2026-08-12 14:19:35",2736.6,2,hiroyasuokuno
196,16679767,Salut!,"2026-08-12 12:50:44",2735.8,2,denismekhanikov
197,16661665,"Leonardo Viola10","2026-08-12 09:02:25",2729.1,2,leonardoviola10
198,16680967,Tyooughtul,"2026-08-10 14:59:39",2728.8,2,yooughtul
199,16673370,JeovaAnderson,"2026-08-11 15:53:52",2728.4,2,jeovaanderson
200,16663241,"Kris Adamatzky","2026-08-12 09:34:27",2726.0,2,krisadamatzky
201,16626814,"Vu Tran Hoang","2026-08-11 10:01:37",2725.9,2,hoangvux
202,16658014,Bharath,"2026-08-12 15:06:11",2725.7,2,pes2ug23cs121
203,16695664,Bantam,"2026-08-12 09:52:39",2725.2,2,bantam
204,16662696,"Cengizhan Tümer","2026-08-12 10:47:51",2722.4,2,cengizhantmer
205,16679812,"Xiang Li","2026-08-11 14:23:41",2721.4,2,xianglipee
206,16664788,1o,"2026-08-12 14:15:14",2721.1,2,rian55
207,16690019,Around30,"2026-08-12 14:00:54",2719.2,2,"cyanspring,masahiromatsuda,sutesute000012"
208,16677217,Panos,"2026-08-10 19:56:22",2719.0,2,panosc
209,16633790,curiosity,"2026-08-12 11:50:43",2718.3,2,chmffwn1
210,16704622,ray,"2026-08-11 16:30:13",2717.4,2,rayenezanned
211,16667233,EdGy2k,"2026-08-10 10:41:12",2716.6,2,edgy2k
212,16630839,steubk,"2026-08-11 16:06:47",2715.9,2,steubk
213,16654381,"Dmitry Belan","2026-08-10 05:51:22",2714.8,2,dimong4
214,16639746,"Kyle Wang","2026-08-12 09:07:59",2713.3,2,ky1ewan9
215,16695046,种地糕手,"2026-08-12 13:08:34",2711.4,2,"aurax7,coolinlai,davidsarrat,pseree,zongzishuang"
216,16634143,"manual player","2026-08-12 07:03:53",2710.6,2,prospal
217,16660371,"José Luis Gómezz","2026-08-12 00:25:15",2709.8,2,josluisgmezz
218,16622198,"THUNDER THUNDER","2026-08-12 09:38:35",2708.0,2,thunderthunder
219,16622032,"Raunak Dey","2026-08-10 18:22:06",2707.5,2,raunakdey07
220,16676336,lemon13418,"2026-08-12 12:30:33",2706.3,2,lemon13418
221,16632675,"Baran Kucuk","2026-08-11 15:09:58",2705.9,2,barankucuk
222,16661570,"sissoko cheick","2026-08-12 10:05:05",2705.2,2,sissokocheick
223,16636079,"Pawan Rama Mali","2026-08-10 12:47:13",2703.7,2,pawanmali
224,16624484,"Tomoki Hirose","2026-08-12 15:11:54",2703.6,2,tomokihirose
225,16623381,cocoaAI,"2026-08-12 09:31:12",2702.8,2,cocoaai
226,16684128,NIklitaCheporev,"2026-08-11 22:43:11",2702.5,2,niklitacheporev
227,16655654,Cacinie,"2026-08-12 07:13:17",2701.2,2,cacinie
228,16697395,darktetradgod,"2026-08-12 13:35:15",2699.2,2,darktetradgod
229,16654783,quantara.cv,"2026-08-12 11:41:11",2698.5,2,goth55
230,16640077,larry54321zhao,"2026-08-12 07:31:15",2698.1,2,larry54321zhao
231,16675503,"Jeff Marc E. Cadet","2026-08-12 02:36:28",2698.1,2,jeffmarcecadet
232,16663252,"MD Concepcion","2026-08-12 04:19:33",2697.1,2,mikedconcepcion
233,16645203,easonyanyan,"2026-08-12 03:32:33",2693.9,2,easonyanyan
234,16657277,"Dude and Destroy","2026-08-12 10:22:29",2693.3,2,raymondbrookman
235,16663969,"Aarush Kute","2026-08-12 15:28:38",2691.1,2,aarushkute
236,16660037,shehai.lrs,"2026-08-11 13:37:32",2690.5,2,shehailrs
237,16665700,张广麒,"2026-08-12 08:39:09",2689.5,2,zzggqq
238,16674684,next-best-agent,"2026-08-10 14:26:29",2688.2,1,"minhduy13ly,tdtu981"
239,16655688,"Ryan Shan","2026-08-11 20:30:50",2685.9,2,codegold
240,16682879,"Patrick Chan","2026-08-11 18:52:36",2685.7,2,drpatrickchan
241,16675671,"MMM Abbie","2026-08-12 03:51:12",2685.4,2,kchuang
242,16701051,"Komi ShouKo","2026-08-12 10:52:07",2683.1,2,asdwswdxd
243,16695903,cerensukaramese,"2026-08-11 07:09:55",2680.0,2,cerensukaramese
244,16655150,"Benjamin H Pepper","2026-08-12 05:15:54",2677.3,2,bhpepper
245,16704466,"QQ Farming","2026-08-12 05:24:55",2676.0,2,"mitubant,ngyzly"
246,16682318,Bibek,"2026-08-11 12:08:35",2674.0,2,bibek777
247,16696762,SOSyuki,"2026-08-12 10:22:38",2673.4,2,sosyuki
248,16672202,HealthStone,"2026-08-11 23:25:19",2673.1,2,healthstone
249,16677723,"Trip Meiners","2026-08-11 19:26:55",2673.0,2,tripmeiners
250,16688460,lllleeeo,"2026-08-11 16:13:44",2672.3,2,lllleeeo
251,16698942,"PRADHAN RS","2026-08-11 17:40:32",2669.9,2,pradhanrs
252,16657785,"Himanshu Kumar","2026-08-10 16:52:27",2666.9,2,himanshujha2812
253,16667787,"Daryl Brach","2026-08-12 16:46:07",2666.3,2,dbrach
254,16659123,sd,"2026-08-10 17:15:44",2663.1,2,siddharthadevkota
255,16671607,"Chanhyuk Han","2026-08-11 01:02:37",2663.0,2,chanhyukhan
256,16622422,ss,"2026-08-10 06:40:31",2659.3,2,forest2026
257,16683441,Eura73,"2026-08-12 09:55:20",2657.5,2,eura73
258,16687901,Khalid,"2026-08-11 05:43:15",2657.3,2,khalid000000
259,16684748,dejavucry,"2026-08-12 10:15:46",2657.0,2,dejavucry
260,16667729,"Daniel Wu","2026-08-11 00:07:28",2656.5,2,danielwuu
261,16670297,"Gebreab K. Zewdie","2026-08-12 02:46:03",2653.8,2,gzewdie
262,16679371,ΛYMΞNRH,"2026-08-11 06:43:55",2653.1,2,aymnrh
263,16678172,"Eishkaran Singh","2026-08-11 08:42:45",2653.1,2,eishkaran
264,16629165,lingyu07,"2026-08-12 07:24:55",2652.9,2,lingyu07
265,16653927,"Fernando GH H","2026-08-11 04:27:51",2650.7,2,fernandoghh2
266,16681620,wanwanuil,"2026-08-10 11:41:02",2650.0,1,wanwanuil
267,16656807,Yoganjaneyulu,"2026-08-11 19:19:56",2650.0,2,yoganjaneyulu
268,16672033,"Mohan Prasath P","2026-08-11 08:17:07",2649.8,2,mohanprasath21
269,16678872,ibrahim,"2026-08-12 12:06:57",2649.5,2,skyfish77
270,16665596,chunhu666,"2026-08-11 05:27:39",2649.1,2,chunhu666
271,16624571,"Baidalin Adilzhan [dsml.kz]","2026-08-10 17:02:53",2648.4,2,baidalinadilzhan
272,16669911,"Batuhan Ustun","2026-08-12 16:24:57",2648.0,2,batustun
273,16683936,Cyrus,"2026-08-12 12:21:43",2644.5,2,jamalsaeedi
274,16669256,Shivam_2212,"2026-08-11 09:59:19",2644.4,2,shivam2212
275,16685342,"Kanth Da","2026-08-12 03:18:24",2643.3,2,"kanthda,riteeshreddybysani"
276,16623399,Kendamarron,"2026-08-12 14:27:11",2642.7,2,kazuhirokuriyama
277,16705370,TS2333,"2026-08-11 03:40:40",2642.5,2,ts2333
278,16692548,"Rockstar Farmer","2026-08-12 05:06:17",2641.8,2,yuhaili
279,16634179,daoviet,"2026-08-12 15:03:40",2641.5,2,daoviet
280,16682885,风沙星辰,"2026-08-10 15:02:12",2640.2,2,"duoliya,linyeping,sereinovov,wangying2026"
281,16630804,"Emre Cirak","2026-08-11 05:49:51",2639.6,2,biohack44
282,16636004,"Ragunath Ravi","2026-08-11 10:59:07",2638.8,2,ragunathravi
283,16662121,"Indar Karhana","2026-08-12 04:35:26",2638.0,2,indarkarhana
284,16632715,cmasch,"2026-08-12 08:38:27",2637.8,2,cmasch
285,16667964,Shuiys,"2026-08-11 16:06:14",2634.8,2,ysshui
286,16688153,"Panchajanya Banerjee (Pancham)","2026-08-11 19:35:11",2634.8,2,delayedkarma
287,16684641,t.me/aetheranime,"2026-08-11 15:17:16",2629.5,2,yfrite
288,16697836,OzanM.,"2026-08-10 16:53:50",2626.9,2,analyticaobscura
289,16659692,"Hùng Nguyễn Huy (Hiirooo)","2026-08-11 03:47:45",2626.8,2,hngnguynhuy
290,16695229,X1a0Ch3n,"2026-08-12 16:00:32",2626.7,2,xiaochen20236673
291,16627600,Nat00,"2026-08-10 15:48:16",2625.5,2,natliablascoandreo
292,16653153,Gbining,"2026-08-09 12:21:06",2625.4,2,gbining
293,16640368,"Nkosi Ndwandwe","2026-08-11 04:47:50",2624.3,2,nkosindwandwe
294,16689770,"Abdillah Sagif","2026-08-11 10:11:23",2622.6,2,abdillahsagif
295,16681275,"CUG HeQiao","2026-08-12 09:06:14",2621.8,2,cugheqiao
296,16672709,"RS Turley","2026-08-12 07:00:37",2621.3,2,rturley
297,16632245,"We are Charlie Brown","2026-08-12 12:12:33",2620.2,2,"curbotron13,halzweiman,josephmcgonaglebrown,shreyanshpoddar"
298,16697922,TingyuanLi277,"2026-08-12 04:37:51",2619.9,2,tingyuanli277
299,16642570,"Mathurin Ache","2026-08-11 06:23:31",2616.9,2,mathurinache
300,16627400,"Krasnov Daniil","2026-08-11 06:04:48",2614.9,2,daniilkrasnovvv
301,16640552,"rupsa roy","2026-08-10 05:56:00",2613.6,1,rupsarroy
302,16669778,UknesIruka,"2026-08-11 11:13:46",2612.3,2,uknesiruka
303,16654704,mandgeee,"2026-08-12 07:25:30",2610.7,2,mandgeee
304,16670384,"Gordeev Max","2026-08-11 07:14:22",2610.1,2,gordeevmax
305,16661622,"Ergin Akın","2026-08-12 14:53:15",2610.0,2,erginakin
306,16662051,"Salem Ali","2026-08-12 15:04:16",2608.5,2,salemali7
307,16656316,"Richard Tang","2026-08-11 01:09:34",2605.6,2,richardgtang
308,16684202,Ignat,"2026-08-12 15:00:14",2605.6,2,ignatgotin
309,16691591,"Dheeraj Kumar #3","2026-08-12 04:05:32",2605.2,2,kdheeraz
310,16672997,"Francesco Montone","2026-08-08 11:38:57",2603.0,2,francescomontone
311,16633222,maxingkong733,"2026-08-12 10:52:02",2602.1,2,maxingkong733
312,16698340,"Yanxi Jiang","2026-08-10 03:06:32",2600.8,2,yanxijiang
313,16695137,"Samantha Nicole Bracamonte","2026-08-12 00:35:56",2600.4,2,snrbracamonte
314,16683865,Shin7jp,"2026-08-11 08:57:11",2600.1,2,shin7jp
315,16662380,"Brandon Calderon-Morales","2026-08-12 07:56:51",2598.6,2,bmoe640
316,16692490,"Enes Coşkun","2026-08-11 05:37:38",2595.4,2,enscskn
317,16665077,"Mohit Babel","2026-08-11 19:46:35",2594.9,2,mohitbabel
318,16710466,"Charles Backman","2026-08-12 07:00:01",2594.9,1,charlesbackman
319,16691572,stevenleehans,"2026-08-11 12:51:22",2592.8,2,stevenleehans
320,16674881,"Saisree Dhanasekaran","2026-08-11 12:28:12",2592.6,2,saisreedhanasekaran
321,16663313,onlysmrtsumx,"2026-08-12 01:29:30",2591.5,2,onlysmrtsumx
322,16681848,Haraguchi-T,"2026-08-11 06:06:10",2589.8,2,haraguchit
323,16632231,"Samrish B","2026-08-10 14:25:50",2588.5,2,samrishb
324,16666733,"Alberto MV","2026-08-10 23:06:33",2587.6,2,albertomv
325,16705790,clora,"2026-08-12 12:18:30",2587.2,2,clora16
326,16690970,"Raoul Biagioni","2026-08-12 14:58:32",2587.1,2,raoulbiagioni
327,16661743,"Sergey Kutepov","2026-08-12 16:01:03",2585.5,2,natsyst
328,16658474,huyimin517517,"2026-08-12 08:50:41",2583.1,2,"huyimin517517,touyouzhaji,wumingshi2006"
329,16682557,"Soumalya Mandal","2026-08-10 14:36:57",2583.0,2,mrcyberhunter
330,16636536,tetsu2131,"2026-08-12 12:26:13",2582.4,2,tetsutani
331,16673250,Prashant,"2026-08-12 05:06:08",2581.0,2,"kajalsinghrajpoot,prashantxo"
332,16626272,"ömer kiraz","2026-08-10 06:22:12",2576.0,2,merkiraz
333,16700846,"Vaibhav Patel","2026-08-12 14:49:01",2575.2,2,vaibhavpatel
334,16701638,"John Stupid","2026-08-11 05:08:52",2573.5,2,bryxosmmm
335,16700771,"Disuru Coba Ama Jaki","2026-08-12 16:32:29",2573.5,2,reiiihel
336,16688217,"Vigneshwaran S","2026-08-11 11:06:52",2572.7,2,vigneshsankar1962
337,16670755,"Amine zeDDouk","2026-08-11 23:33:40",2570.9,2,aminezeddouk
338,16632593,skomuro,"2026-08-12 16:29:10",2568.1,2,skomuro
339,16679443,albu,"2026-08-12 14:58:09",2566.5,2,albuslaev
340,16683808,RuggedBones,"2026-08-12 14:30:53",2565.4,2,ruggedbones
341,16698688,JeremiahMannings,"2026-08-12 09:29:31",2565.1,2,jmannings
342,16671694,evananann,"2026-08-12 01:58:04",2564.8,2,evananann
343,16621515,"Alexander Gremyakov","2026-08-12 15:01:03",2561.7,2,alexandergremyakov
344,16701573,"Haggai Musoda","2026-08-11 13:56:01",2561.6,1,haggismusoda
345,16681601,Hanaro,"2026-08-12 09:40:54",2561.1,2,lucas040
346,16687724,Yijue1,"2026-08-11 02:15:05",2561.0,2,yijue1
347,16693159,"Zonglin Han","2026-08-12 02:55:31",2559.3,2,zonglinhan
348,16623749,Tejas,"2026-08-11 05:29:16",2558.5,2,tejuuss
349,16640058,"Justin CH123","2026-08-11 09:15:28",2557.8,2,justinch123
350,16635744,XDang13,"2026-08-12 10:33:56",2555.0,2,xdang13
351,16660333,"Deanos Crew","2026-08-11 13:10:19",2554.5,2,jamescole0101
352,16664164,"Elzandi Irfan Zikra","2026-08-12 10:33:49",2554.4,2,zangetsufuin
353,16630797,"Seok, Jeongeum","2026-08-12 11:34:39",2553.9,2,seokjeongeum
354,16641548,"Indium AI Labs","2026-08-12 07:38:02",2551.5,2,devaanshpa
355,16637973,StephenNedumpally,"2026-08-12 14:17:13",2550.7,2,stephennedumpally
356,16669191,"Mohammed Nomaan","2026-08-12 03:46:50",2550.5,2,nomaanz
357,16672456,hangglider5,"2026-08-10 15:00:33",2549.2,2,hangglider5
358,16676356,"Wander waal","2026-08-11 02:48:56",2548.9,2,wanderwaal
359,16659961,"Shivam saini","2026-08-12 09:40:51",2546.4,2,shivam98saini
360,16658278,"Malcolm Durosaye","2026-08-11 09:02:37",2545.9,2,malcolm95
361,16623459,"Peng Wang","2026-08-11 12:56:14",2545.3,2,pengwang91
362,16674385,"qr Z1201","2026-08-12 10:01:36",2543.4,2,qrz1201
363,16632516,"Jiachen Li","2026-08-11 17:00:30",2541.1,2,llccqq624
364,16623398,"Tony Li","2026-08-10 15:14:23",2541.1,2,tonylica
365,16707915,MGöksu,"2026-08-12 15:54:43",2540.7,2,mgoksu
366,16706283,haogood666,"2026-08-11 08:25:40",2540.0,1,haogood666
367,16666977,"Tagir Analyzes","2026-08-12 15:30:35",2538.7,2,tagirkhairutdinov
368,16656432,"CornHub Premium","2026-08-11 14:53:48",2537.7,2,nihilisticneuralnet
369,16623799,"Akhilesh godugu","2026-08-12 02:54:25",2537.6,2,"akhileshgodugu,ashokgodugu"
370,16706315,"Desert Fox88","2026-08-11 12:02:03",2536.9,2,desertfox88
371,16702547,Dean0016,"2026-08-12 11:19:59",2536.1,2,dean0016
372,16623897,satoooh,"2026-08-10 07:38:32",2535.6,2,satoooh
373,16707057,tamo,"2026-08-11 10:26:55",2535.3,2,ryotakasuya
374,16651331,"Mohamed Saeed","2026-08-11 18:58:08",2535.2,2,m0sm71
375,16662492,"Lester Leong","2026-08-11 02:13:33",2534.8,2,lesterleong
376,16702691,"Zengyi Mei","2026-08-12 16:31:33",2533.5,2,sfkmzy
377,16701612,Kiki,"2026-08-12 11:34:57",2533.3,2,rouiou
378,16709126,"Jamie Nojek","2026-08-12 03:08:43",2530.4,2,jamienojek
379,16638375,"Tran H Hoang","2026-08-11 10:28:56",2528.6,2,tranhhoang
380,16674649,寿!,"2026-08-12 06:45:37",2528.3,1,taka3776toshi
381,16635747,"Jeki Wan Taufik","2026-08-11 01:00:55",2526.9,2,jek1wantaufik
382,16675340,"SHAURYA SHARMA","2026-08-11 23:48:44",2526.5,2,shauryas555
383,16672530,GUGUGAGA,"2026-08-12 14:18:45",2526.5,2,"ruiyangzhang23,taoguo079"
384,16621741,"Andrey Naymushin","2026-08-11 12:01:53",2526.0,2,andrewsokolovsky
385,16709793,"Victor Hotz","2026-08-12 03:51:21",2520.4,2,victorhotz
386,16688808,"Niranjan Nakkala","2026-08-11 12:26:14",2519.8,1,niranjanmudhiraj
387,16683199,"Filippo Gombac","2026-08-11 10:04:26",2519.6,2,filippogombac
388,16701074,Yan,"2026-08-10 21:29:25",2517.9,1,qujiahui
389,16644145,"Mehdi Azouz","2026-08-12 16:37:11",2517.7,2,mehdiazouz
390,16654511,"Syed Shayan Ali Shah","2026-08-12 08:49:59",2513.2,2,dsshayan
391,16695242,"Utkarsh Prakash Srivastava","2026-08-11 07:54:58",2508.9,2,utkarshps
392,16688642,"Natalia Mawyin","2026-08-11 03:47:12",2507.9,2,nmawyin
393,16662684,"Harshini Reddy","2026-08-12 16:46:30",2507.2,2,luffyh04
394,16631115,prvsiyan,"2026-08-12 16:33:22",2506.6,2,prvsiyan
395,16707993,"Sangita Bannore","2026-08-11 14:33:47",2506.1,1,sangitabannore
396,16650485,nasu726,"2026-08-11 15:06:36",2504.9,2,nasu726
397,16670524,"Nat Bel ML Fun","2026-08-11 06:16:48",2502.7,2,natbel4ml
398,16693976,rererenore,"2026-08-12 08:16:10",2502.2,2,rererenore
399,16675807,cubreto,"2026-08-12 01:28:01",2501.4,2,cubreto
400,16654379,"Sebastian Mateus","2026-08-12 13:52:04",2500.4,2,sebastianmateus
401,16706227,"Wise Fancy","2026-08-11 09:54:29",2497.1,2,wisefancy
402,16701221,"Othman Istaiteh","2026-08-10 13:25:38",2496.5,2,istatieh
403,16664566,"Lormann ","2026-08-12 12:19:54",2495.9,2,lormann
404,16675240,Leifson1337,"2026-08-11 23:29:46",2495.8,2,leifson1337
405,16662176,"jorge fabian avila","2026-08-10 18:51:13",2494.5,2,jorgefabianavila
406,16651695,"Koushik Rudra","2026-08-11 18:42:03",2493.6,2,koushikrudra
407,16701759,xycai,"2026-08-12 15:52:55",2491.0,2,xycaipku
408,16652212,"Варим сельский самогон","2026-08-10 16:23:21",2488.9,2,asimandia
409,16697142,Kujaomega,"2026-08-10 22:13:02",2487.9,1,kujaomega
410,16710499,sukeke,"2026-08-12 15:32:23",2487.6,2,sukeke
411,16698069,k_4821,"2026-08-12 06:43:09",2486.4,2,edgarondoodevilclub
412,16708333,"Phạm Vương","2026-08-11 16:17:10",2484.8,2,vuongphamqq
413,16637329,Rucbic,"2026-08-11 19:11:25",2483.8,2,rucbic
414,16679245,"Krzysztof Gonia","2026-08-10 22:52:47",2480.8,2,krzysztofgonia
415,16688436,Zuu3scode,"2026-08-12 15:19:16",2480.4,2,zuu3scode
416,16699745,"Norbert Szolnoki","2026-08-11 14:12:49",2479.5,2,norbertszolnoki
417,16634312,"Linh Le","2026-08-11 05:09:04",2479.2,2,linhlethuy
418,16700314,Giallar,"2026-08-11 08:58:22",2479.2,2,andreykrotkikh
419,16638804,"Anhad Mahajan","2026-08-10 14:22:28",2479.2,2,anhadmahajan06
420,16646679,tong00,"2026-08-11 19:41:03",2476.0,2,tong00
421,16707193,"radji kraim","2026-08-12 07:32:50",2474.4,2,radjikraim
422,16633944,Toru59er,"2026-08-12 06:02:01",2471.4,2,toru59er
423,16660726,养殖一些扫福睿,"2026-08-11 15:36:25",2470.8,2,gengsr
424,16635062,DL,"2026-08-11 20:46:19",2468.8,2,distiller
425,16676278,"Om Sangwan","2026-08-12 03:06:59",2468.6,2,omsangwan
426,16657637,"Ronnie Atuhaire","2026-08-12 12:38:27",2466.6,2,ronnieatuhaire
427,16697229,"Masashi Nishimoto","2026-08-10 20:32:41",2465.8,2,masashinishimoto
428,16622509,Ali,"2026-08-11 23:03:42",2464.3,2,asalhi
429,16695685,"kwon yong deuk","2026-08-11 09:57:25",2464.1,2,kwonyongdeuk
430,16684024,"Work From Home 3.0","2026-08-11 18:26:46",2458.2,2,"direct1,maxtankialok,n00bcak"
431,16669490,hinemos,"2026-08-11 15:38:45",2454.8,2,hinemos
432,16672370,"Yash Barhanpurkar","2026-08-12 06:15:58",2449.5,2,yashbarhanpurkar
433,16688907,青烟,"2026-08-10 06:07:29",2449.4,2,"imagine4391,mortal4416"
434,16621075,"Octavi Grau","2026-08-12 16:10:19",2449.1,2,octaviograu
435,16643453,Haumea,"2026-08-11 14:50:26",2445.5,2,chaitanyagullapalli
436,16664487,houlidai-jiekiulai,"2026-08-11 05:00:59",2445.3,2,houlidaijiekiulai
437,16682514,"Pavel Pavlov","2026-08-11 08:18:50",2441.5,2,akakii
438,16624088,Pomiro,"2026-08-11 04:41:24",2441.1,2,pomiro
439,16676154,"Tuan Tran","2026-08-10 16:29:40",2439.7,2,thtuan
440,16690805,"Alejandro Ayestaran","2026-08-12 12:08:59",2438.5,2,alejandroayestaran
441,16698884,VVVoyager,"2026-08-12 04:35:54",2438.4,2,"haoxuanshan,hengnui"
442,16659771,DieByTheSword,"2026-08-11 20:27:17",2438.1,2,przemysawstroiws
443,16623805,"Howon Kang","2026-08-11 22:41:10",2437.0,2,howonkang
444,16695931,"Kers Aoyagi","2026-08-12 15:42:47",2433.1,2,kersaoyagi
445,16679688,"Sathwik Chinthakayala","2026-08-11 16:08:31",2431.1,2,sathwikchinthakayala
446,16622919,Waffle,"2026-08-11 18:22:38",2430.0,2,waffle3z
447,16709246,"Tariku Mehdi","2026-08-12 00:59:39",2429.7,2,tarikumehdi
448,16707036,Aic,"2026-08-11 10:20:25",2429.6,1,gunianxue
449,16658248,Aaweg,"2026-08-12 15:52:13",2429.3,2,aawegbhaladhare
450,16653129,"Prashanth Reddy Biyyani","2026-08-12 07:24:51",2426.3,2,"prashanthbiyyani,shivagurrala"
451,16630323,kaggricultureomnidimensionalut,"2026-08-11 07:09:19",2425.5,2,kumarandatascientist
452,16678061,"Sushanth Tiruvaipati","2026-08-12 16:11:47",2421.7,2,sushanthtiruvaipati
453,16657803,"Arya Mazloomi","2026-08-11 04:04:22",2421.5,2,aryamazloomi
454,16623451,Ueddy,"2026-08-12 14:36:29",2421.4,2,ku0807
455,16674948,habe.sq,"2026-08-12 07:49:37",2419.6,2,habesq
456,16709744,"Emre Bayram","2026-08-12 13:22:25",2417.6,2,emrebayram
457,16658830,"Farhat Pachisa","2026-08-12 10:50:52",2416.6,2,farhatpachisa
458,16660331,A.K.NITHIN,"2026-08-12 12:07:32",2416.0,2,aknithin
459,16628664,"Anton Tikhonov","2026-08-12 11:15:07",2415.2,2,itwastony
460,16697898,"Yin Li","2026-08-12 13:08:34",2410.2,2,kevin250304
461,16669089,YujieXing10,"2026-08-12 03:50:45",2407.1,2,yujiexing10
462,16692725,"Zhen Li","2026-08-12 15:43:47",2406.7,2,zhenlisak
463,16685074,"Emir Can","2026-08-12 13:50:13",2405.7,2,aerospacer
464,16663945,anyasri,"2026-08-11 07:11:32",2405.1,2,anyasri
465,16657857,hust_xll,"2026-08-12 05:38:12",2403.6,2,hustxll
466,16627995,"Fire Bird","2026-08-11 20:36:45",2402.6,2,xuanleekaggle
467,16632612,Farmville,"2026-08-12 14:21:24",2401.3,2,rafaelfigueiredo13
468,16701466,"HELIOS reasonning","2026-08-11 22:38:55",2394.4,2,heliosreasonning
469,16623226,"Hafida Belayd","2026-08-11 17:02:29",2392.3,2,hafidabelayd
470,16655610,GPTatoes,"2026-08-11 08:37:27",2387.0,2,"angran,kaixuanosmas"
471,16644229,"Amy Yuan","2026-08-12 02:30:59",2385.2,2,cozytato
472,16691867,huyang111,"2026-08-10 16:23:44",2384.3,2,huyang111
473,16696644,"Franklin T","2026-08-11 15:40:09",2383.9,2,franklin0410
474,16666057,StopPlantingStartGameTheorying,"2026-08-11 11:56:15",2383.9,2,mymelodyenjoyer
475,16634432,KARGI,"2026-08-11 14:56:07",2383.4,2,learningkin
476,16664111,"John Park","2026-08-11 07:04:22",2382.6,2,sigint
477,16670118,"Álvaro Benítez","2026-08-12 00:21:48",2379.1,2,lvarobentezlvarez
478,16676043,"Tejash Rai","2026-08-11 15:30:10",2378.0,2,tejashrai
479,16664477,"The T-MAN","2026-08-12 00:08:15",2377.3,2,otmaneelmahda
480,16687363,"elegantangel (628700)","2026-08-12 10:43:53",2376.4,2,elegantangel
481,16624056,Raggriculture,"2026-08-12 16:29:15",2375.8,2,ravi123a321at
482,16641982,ZotAZaw3,"2026-08-12 03:15:49",2375.4,2,zotazaw3
483,16686424,"Thần Thoại","2026-08-12 16:50:30",2375.0,2,thanthoai
484,16692457,t2better,"2026-08-12 11:56:41",2374.8,2,t2better
485,16707986,PYD966,"2026-08-12 01:54:16",2374.5,2,pyd966
486,16641372,ShoaibSSM,"2026-08-11 07:29:23",2372.4,2,"naveenlx111249971939,shoaibssm"
487,16654403,"Skibidi Six Seven","2026-08-10 20:48:14",2370.9,2,iam4722202468
488,16656181,Vishwa,"2026-08-11 05:46:58",2370.0,2,rv1922
489,16644480,"Umut Keltek","2026-08-11 02:57:59",2369.4,2,umutkeltek
490,16710094,"ouyang ruize","2026-08-12 14:14:37",2369.1,2,ouyangruize
491,16707584,sadatch,"2026-08-12 14:46:44",2366.7,2,sadatch
492,16696607,"Manish modak","2026-08-12 09:54:47",2364.4,2,manishmodak
493,16698223,"Feng Jiahui","2026-08-12 16:40:25",2361.3,2,junipersky
494,16704027,"Alan Cai","2026-08-10 22:36:40",2360.4,1,alancai27
495,16696608,beanbamboozled,"2026-08-10 10:45:19",2358.4,2,beanbamboozled
496,16684402,vn1111,"2026-08-12 07:58:41",2358.3,2,vn1111
497,16623408,shiggriculture,"2026-08-12 14:46:33",2357.7,2,shimishige
498,16671741,Excluding,"2026-08-12 11:37:26",2353.5,2,excluding
499,16658345,Ficu∞$,"2026-08-12 08:57:33",2353.4,2,mikeintokyo
500,16659160,"Dmitry Bardonov","2026-08-11 17:12:13",2352.3,2,bdesim
501,16656382,Aevion-Labs,"2026-08-10 14:44:32",2351.7,2,aevionlabs
502,16685950,"vibe farming","2026-08-12 04:34:52",2350.5,2,alturutin
503,16656691,"Sahaj Deep Singh","2026-08-12 01:39:36",2347.3,2,sahajdeepsingh9877
504,16641230,"An V1","2026-08-12 08:51:18",2346.9,2,barakuga
505,16681405,"Yusuke Hayashi","2026-08-12 16:19:33",2345.2,2,yhay81
506,16696099,moss,"2026-08-11 06:13:39",2344.6,2,kenyashimizu
507,16663485,"Jacob Alstrup","2026-08-12 16:34:04",2343.9,2,jacobalstrup
508,16662846,"Kerem Ercin","2026-08-12 06:12:57",2342.8,2,keremercin
509,16652710,Ryutogrrr,"2026-08-11 02:41:54",2342.3,2,ryutogrrr
510,16668788,ConnieCodes,"2026-08-11 15:24:32",2339.1,2,conniecodes
511,16621315,"Reyhan Ksatria","2026-08-12 12:15:11",2336.7,2,reyhanksatria
512,16672448,"Crisis Liu","2026-08-11 23:49:49",2335.9,2,crisisliu
513,16688732,tully_boss,"2026-08-12 07:37:30",2334.2,2,"gnux1408,tanakaai24"
514,16659614,"Heikki Leskelä","2026-08-12 10:11:05",2332.9,2,heikkileskela
515,16697139,Stocks152,"2026-08-12 07:08:29",2331.0,2,stocks152
516,16644578,"Team Name","2026-08-12 09:52:35",2330.3,2,baytree1238
517,16633226,test_money,"2026-08-12 14:12:36",2327.7,2,michaelsemenoff
518,16623736,Garigariyong,"2026-08-12 13:07:30",2327.4,2,garigariyong
519,16655686,Kyle,"2026-08-12 10:56:04",2324.4,2,kylezhouzhou
520,16667052,"Dandan Li","2026-08-12 15:56:04",2323.7,2,clcll532x
521,16644891,yankang_XZK,"2026-08-12 05:20:35",2322.0,2,yankang233
522,16673131,"Arfin Mustofa","2026-08-11 05:13:22",2321.5,2,arfinmustofa
523,16663175,Anaconda,"2026-08-12 16:31:18",2319.4,2,anaconda
524,16682210,Boiled-Sweet-Potato,"2026-08-12 01:16:41",2318.3,2,boiledsweetpotato
525,16672579,"Udbhaw Anand","2026-08-10 10:50:43",2318.1,2,udbhawanand
526,16664759,OrGanAIc,"2026-08-10 06:05:47",2318.0,2,arghyaranjandas
527,16661983,"Victor's Team","2026-08-12 12:05:19",2311.5,2,"dlordsjustified,jezrealmomoh,joludare,victorokpe"
528,16691506,Dipak_ISM,"2026-08-12 07:42:55",2308.7,2,dipakism
529,16635280,"Narendra Sirvi","2026-08-12 06:43:07",2308.4,2,narendras78
530,16665416,"zeyu lau","2026-08-12 08:11:29",2308.2,2,zeyulau
531,16665294,"Thái Văn Tài","2026-08-10 16:34:23",2306.2,2,thivnti
532,16635969,"Omkar Kadam","2026-08-10 17:04:48",2304.3,2,"itzzomkar,khanayanayub,princypaonam"
533,16707562,boluosnow,"2026-08-12 16:21:20",2304.2,2,boluosnow
534,16656399,CROW,"2026-08-10 04:25:49",2304.2,2,"aaayangxh,hanifnoerrofiq"
535,16697767,"Teddy Tennant","2026-08-11 20:26:11",2304.1,2,thtennant
536,16661701,premjampuram,"2026-08-12 06:49:27",2298.3,2,"premjampuram,sheetallodhi"
537,16695501,brocade,"2026-08-11 05:21:16",2295.7,2,brocade
538,16623577,"Jiayi Tang","2026-08-12 08:03:31",2292.7,2,mannguo
539,16641183,"Team Name Pending","2026-08-11 11:14:16",2291.6,2,"abdaathaillahhadyan,oliverspiby"
540,16701997,zran1t,"2026-08-11 16:06:22",2291.0,2,zran1t
541,16696720,jazivxt,"2026-08-12 07:53:03",2290.6,2,"jazivxt,maulikgajera"
542,16698999,Odyssey,"2026-08-12 15:23:26",2290.5,2,a1spirit
543,16660678,"Chaitanya Sonaje","2026-08-11 13:30:49",2288.2,2,chaitanya205
544,16655559,"Fajri Yanuar Shiddiq Juanda","2026-08-11 05:34:11",2288.2,2,fajriyanuar
545,16694138,Alex,"2026-08-11 18:41:40",2288.1,2,alex789
546,16651088,ych~sun,"2026-08-12 00:05:22",2287.2,2,ychsun
547,16684716,kumanomi,"2026-08-11 10:54:03",2287.1,2,kkkggg
548,16667767,t3l3k3n3sis,"2026-08-11 15:17:44",2286.7,2,"daffafariq,hashmatzamaryali,malsabbagh05"
549,16655826,KKY,"2026-08-11 20:29:38",2286.6,2,evilpsycho42
550,16641524,AkiraIshikawa,"2026-08-11 14:42:05",2285.8,1,akiraishikawa
551,16705584,"Adil Munawar","2026-08-12 11:28:03",2285.0,2,adilmunawar
552,16621683,Shivangoudaa,"2026-08-11 22:50:55",2284.1,2,ishivapatil
553,16644481,Liquidus,"2026-08-11 14:19:50",2280.0,2,liquidus
554,16632735,"No Free Lunch, Only Melons","2026-08-11 22:22:30",2279.6,2,kawaharataishi
555,16623488,"Kevin E R MILLE","2026-08-12 10:43:47",2276.4,2,kevinermille
556,16696743,"wennan cao","2026-08-12 15:35:31",2274.5,2,wennancao
557,16672003,carlscamt,"2026-08-12 03:30:43",2272.7,2,carlscamt
558,16665233,"Akash Deep","2026-08-12 12:46:43",2270.9,2,akashdeepo
559,16709473,"Selahattin Günter","2026-08-12 13:27:34",2270.9,2,selahattingnter
560,16621294,dpquoc,"2026-08-10 05:56:14",2267.8,2,dpquoc
561,16675873,"Zhu Liang","2026-08-10 14:39:33",2267.8,2,paradite
562,16639565,yasu,"2026-08-11 05:10:14",2263.8,2,yasutakababa
563,16696769,"maximo lorenzo y losada","2026-08-12 13:07:35",2263.3,2,maximolorenzoylosada
564,16623466,len8487,"2026-08-12 16:34:25",2261.3,2,len8487
565,16675582,DavidX,"2026-08-11 06:05:18",2260.0,2,davidasx
566,16668748,"Harrison Interactive","2026-08-11 02:43:27",2257.4,2,nosiru
567,16629033,"Igor V","2026-08-12 14:25:18",2256.9,1,rostigor
568,16622251,"Moroz Roman","2026-08-09 18:24:06",2256.2,2,crissyro
569,16677565,"Avish Sinha","2026-08-11 19:39:26",2256.1,2,avish006
570,16672371,Loren-wen,"2026-08-09 13:23:49",2254.3,2,wofusituerte
571,16631460,Kosuke.T,"2026-08-11 22:09:17",2253.9,2,kosuke1992
572,16667998,Speril,"2026-08-12 13:54:49",2252.3,2,speril
573,16711608,"Thomas Greissler","2026-08-12 10:53:49",2252.1,1,thomasg22202020
574,16655505,Debmalya,"2026-08-11 04:33:31",2251.0,2,debmalya84
575,16668783,Zyy7390,"2026-08-10 02:29:18",2249.3,2,"tigerrrrrr,zyy7390"
576,16697205,"Gould Research","2026-08-12 05:52:58",2247.2,2,"georgeking1,gouldh,gradybos,shanemullahy"
577,16624625,"Harsha Vardhan","2026-08-10 07:33:35",2246.9,2,harshacode101
578,16632201,neurlog,"2026-08-10 11:02:04",2243.1,2,neurlog
579,16668370,"Matthew Labrador","2026-08-10 13:24:21",2241.4,2,m4tyuuu
580,16659942,"Abdoulaye DIAW","2026-08-12 11:40:05",2240.3,2,abdoulayediaw25
581,16634765,democatXamer,"2026-08-09 16:03:41",2235.1,2,w1326627677
582,16684852,後藤将斗,"2026-08-09 12:44:13",2234.1,2,masato09
583,16657576,"SUBHASH B","2026-08-11 16:14:57",2234.1,2,subhashb21022
584,16702590,aashka,"2026-08-12 11:08:50",2232.3,2,aashka
585,16659670,MeeMee,"2026-08-11 23:35:49",2232.0,2,yagi46
586,16655952,"Tianfu Wang (王天夫)","2026-08-12 15:08:12",2231.3,2,wangtf96
587,16635029,"Oleg Melnik","2026-08-09 20:10:20",2230.7,2,olegmelnik
588,16657228,"Vladimir Babin","2026-08-12 03:26:57",2230.5,2,vovababin
589,16688265,"Kyle #2","2026-08-11 01:51:35",2229.3,2,georgeturbo
590,16623559,DECEM,"2026-08-09 15:48:04",2228.8,2,zy1343930734
591,16696852,MYGEMER,"2026-08-09 15:43:13",2228.1,1,mygemer
592,16664609,Re2lawd,"2026-08-11 06:14:43",2228.0,2,re2lawd
593,16656810,IskanderAkhmetov,"2026-08-11 07:43:50",2227.4,2,iskander2017
594,16655704,heinado,"2026-08-10 02:18:28",2227.4,2,heinado
595,16694346,ywwywww,"2026-08-10 03:34:01",2225.6,2,ywywww
596,16643233,"Marco DG","2026-08-11 06:20:14",2221.9,2,marcodg
597,16690065,JiangWenfeng1,"2026-08-12 01:25:29",2217.0,2,jiangwenfeng1
598,16679694,"Yaro Perventsev","2026-08-11 18:38:49",2216.2,2,yaroslavperventsev
599,16654322,"Debatreya Biswas","2026-08-10 02:02:38",2215.0,2,debatreyabiswas
600,16684093,"fog flower","2026-08-12 10:54:27",2214.6,2,fogflower
601,16679347,"Youssef EL MSIYAH","2026-08-09 12:07:55",2212.0,2,youssefelmsiyah
602,16681116,Kagamihara,"2026-08-12 15:35:15",2210.6,2,kagamihara
603,16694016,"Prajwal M","2026-08-11 04:38:35",2209.6,2,estrick
604,16675655,TrebolNoir_,"2026-08-11 09:49:59",2207.9,2,trebolnoir
605,16668758,"Aman Vishwakarma","2026-08-09 17:33:00",2207.8,2,amanvishwakarma01
606,16693962,"Changyuan Chen","2026-08-09 13:51:02",2207.1,2,changyuanchenmit
607,16663928,Auxileon,"2026-08-09 16:20:13",2204.1,2,auxileon
608,16667604,znwe342,"2026-08-12 16:05:42",2202.9,2,znwe342
609,16666296,A.P.R.I.L,"2026-08-11 19:01:09",2201.2,2,puneeth333
610,16644378,"hicham bedrani","2026-08-12 15:28:24",2198.9,2,hichambedrani
611,16675161,iVl44d,"2026-08-12 05:57:54",2196.8,2,ivl44d
612,16666393,saikyo,"2026-08-09 08:34:34",2193.7,2,kyosaikyo
613,16657861,"Liao Zixu","2026-08-09 07:00:33",2192.4,2,liaozixu
614,16664179,animelonerboy,"2026-08-09 15:52:55",2192.3,2,adambasa5
615,16654122,"Peter Thompson","2026-08-10 17:59:36",2191.4,2,mightytreefolk
616,16708226,asi1024,"2026-08-12 14:26:55",2191.3,2,asi1024
617,16666188,"XueFeng Chen","2026-08-10 15:48:57",2190.8,2,chxfmcs
618,16637597,venks,"2026-08-12 06:04:30",2189.4,2,vterli
619,16702429,iamlonely,"2026-08-12 14:19:22",2184.5,2,iamlonely
620,16701633,"Jacob Davis","2026-08-12 16:11:52",2184.2,2,jacobtdavis
621,16632579,ZZfancy,"2026-08-11 12:04:42",2183.7,2,zzfancy
622,16669711,"Anton Shaniuk","2026-08-09 12:46:11",2183.6,2,antonshaniuk
623,16698134,Hossein,"2026-08-12 02:56:17",2183.3,2,tomi85
624,16630516,"Seb (allegedly)","2026-08-11 11:34:22",2183.2,2,sebmallia
625,16683036,"Ritesh Thawkar","2026-08-11 18:56:54",2180.1,2,riteshthawkar
626,16687824,"André Dkw","2026-08-10 17:17:25",2178.9,2,andrdkw
627,16654109,"Mohamed Amine Aichaoui","2026-08-11 15:08:52",2177.4,2,mohamedamineaichaoui
628,16655766,前衛,"2026-08-12 07:27:53",2177.3,2,"atharvranjan,shreyasgandhe,siddharth9077"
629,16693886,spellstriker,"2026-08-12 12:32:53",2175.9,2,spellstriker
630,16680690,MYOUCER,"2026-08-10 00:04:45",2175.5,2,myoucer
631,16659395,HyperX,"2026-08-12 11:49:19",2175.1,2,"diversedharun,harishinkaggle"
632,16668227,Yusuraume,"2026-08-12 13:53:51",2174.3,2,sugitatomohiko
633,16688893,ひろけん,"2026-08-09 15:36:52",2173.8,2,hirokenn
634,16655383,MtN,"2026-08-11 14:49:19",2172.2,2,mariotrsn
635,16622376,fmind,"2026-08-09 16:57:28",2168.2,2,freaxmind
636,16652214,Zhenrui.Weng,"2026-08-09 06:45:10",2167.3,2,zhenruiweng
637,16635421,"Lennart Haupts","2026-08-09 08:03:48",2165.1,2,lennarthaupts
638,16658081,ando,"2026-08-12 11:49:00",2163.0,2,andoshunsuke
639,16672040,"Tom Yim","2026-08-12 05:12:30",2162.6,2,tomyim
640,16655715,Chin,"2026-08-12 06:20:32",2162.3,2,qinyukun
641,16663783,WBF_USA_NYC,"2026-08-12 06:12:12",2161.5,2,wbfranci
642,16677855,"Mehrdad ALMASI","2026-08-09 20:54:01",2159.1,2,mehrdadal2023
643,16662833,"umair zia","2026-08-12 15:54:23",2158.3,2,aimerscoding
644,16688136,"Armanzhan Ayan","2026-08-11 16:49:36",2158.1,2,armanzhanayan
645,16672798,yaphanqiii,"2026-08-10 05:44:55",2157.0,1,yaphanqiii
646,16652630,stars_w,"2026-08-08 15:55:32",2156.2,2,starsw
647,16666805,Kaggs,"2026-08-12 15:56:42",2156.1,2,ayush21042004
648,16663668,"╰┈➤ˎˊ˗ www.sleepyai.org","2026-08-08 23:49:32",2155.8,2,tahsinarafat
649,16630315,janson,"2026-08-11 20:32:16",2155.8,2,johnjanson
650,16663929,"Erman Man","2026-08-11 00:14:24",2155.2,2,ermanman
651,16671520,sci-shi,"2026-08-09 02:42:25",2155.1,2,scishi
652,16679519,"Петьо Лазаров","2026-08-10 22:30:35",2154.5,2,pesosz
653,16706395,"Kunal Desale","2026-08-12 12:44:14",2153.1,2,kunaldesale2408
654,16709950,"Ryan Myers","2026-08-12 04:17:15",2152.7,2,ryanmyers03
655,16693934,evnchn,"2026-08-12 13:48:01",2148.9,2,evnchn
656,16681893,morality0707,"2026-08-12 15:33:12",2147.4,2,morality0707
657,16635973,"Code by Nadiia","2026-08-12 10:20:17",2141.7,2,codebynadiia
658,16674744,"Burhan Ul Tayyab","2026-08-10 10:55:43",2140.9,2,babychick
659,16664751,"Cindy Meng90","2026-08-12 01:02:52",2140.7,2,cindymeng90
660,16679389,"JOMIN URK21CS1077","2026-08-12 14:50:33",2139.9,2,jominurk21cs1077
661,16697339,"Muhammad Safwan Ahmad Saffi","2026-08-12 09:58:44",2139.8,2,safwanahmadsaffi
662,16702993,PLM,"2026-08-12 08:12:01",2132.9,2,"ileabogdan,rvaurs"
663,16709300,炫酷的小克里斯,"2026-08-12 09:14:07",2130.9,2,tinfufans
664,16623189,"Aditya Mishra","2026-08-09 03:42:06",2129.7,2,adityamishranika
665,16649108,"Steve AVOMO","2026-08-12 14:17:01",2124.7,2,aurelsteve77
666,16656776,ShaoCharles,"2026-08-12 14:00:55",2124.1,2,shaocharles
667,16640869,taijunhao,"2026-08-12 10:26:30",2123.5,2,taijunhao
668,16689154,CrossEngineered,"2026-08-12 11:56:35",2122.6,2,"danyalsahin1,gkenurk"
669,16663603,xsong2020,"2026-08-09 05:59:02",2118.9,2,xstargate
670,16635317,"KAKA Minishijie","2026-08-11 17:29:59",2117.9,2,kakaminishijie
671,16666939,20237208_黄奕恺,"2026-08-12 07:55:55",2116.8,2,mrhuangyy
672,16698467,"Ra'uf Fauzan Rambe","2026-08-10 04:29:13",2115.4,2,rauffauzanrambe
673,16661707,"Rudolf HOUNLETE","2026-08-09 11:41:08",2115.0,2,queystanle
674,16653262,"tianwen zhang1","2026-08-08 16:21:18",2114.2,2,tianwenzhang1
675,16621168,FOYSAL,"2026-08-09 04:48:09",2111.2,2,foysalemonshanto
676,16672075,"Kameron Green","2026-08-11 05:49:32",2110.6,2,hgenix20
677,16656931,pns,"2026-08-11 11:53:35",2110.5,2,"nikhilkasyap07,premsivasai,saranboddu"
678,16655263,rishavsaigal,"2026-08-12 16:50:32",2107.8,2,rishavsaigal
679,16674919,yukiZ,"2026-08-12 12:10:09",2105.7,2,hideyukizushi
680,16666410,"Binil George","2026-08-12 10:40:43",2104.7,2,binilg
681,16694186,souju00,"2026-08-12 09:48:54",2101.4,2,souju00
682,16660395,ljx59141421,"2026-08-12 01:27:08",2101.1,2,ljx59141421
683,16623309,zyvren,"2026-08-12 15:45:14",2100.8,2,sharif485
684,16712863,ominteam,"2026-08-12 16:21:46",2098.6,2,"luantony,suruikk"
685,16657091,raw2clean,"2026-08-12 08:12:12",2098.5,2,raw2clean
686,16675777,"Munshi Sahil Ahmed","2026-08-11 15:42:01",2098.1,2,mlboy1
687,16686827,Kronki,"2026-08-08 12:40:10",2097.5,2,kronki
688,16691012,"Sanzhar Almasuly","2026-08-12 15:30:59",2096.8,2,sanzharalmasuly
689,16635314,"Aurora wy","2026-08-08 22:44:32",2089.1,2,aurorawy
690,16690897,"Ashok Kumar Garain","2026-08-08 13:26:11",2087.3,1,ashokkumargarain
691,16677810,"Maksim Borisov","2026-08-12 15:28:01",2087.0,2,ma4ypic4y
692,16651792,LX,"2026-08-12 14:48:53",2086.1,2,sunnylx
693,16684568,"[ODS] waniz","2026-08-08 11:04:42",2082.0,1,wanizz
694,16652741,"Sergi Bas","2026-08-12 16:05:13",2081.4,2,sergibas
695,16627472,CloverFarm,"2026-08-11 11:58:47",2079.2,2,ljs2546
696,16623988,"Charismatic Pizza Party🍕","2026-08-12 00:46:02",2076.5,2,debugendless
697,16659430,"John Keith Weber","2026-08-12 08:05:39",2075.7,2,johnkeithweber
698,16657429,"xiao cat q","2026-08-12 01:41:13",2074.0,2,xiaocatq
699,16632327,midnq,"2026-08-11 20:44:47",2074.0,2,midnqly
700,16624921,"sky machine","2026-08-12 13:43:54",2073.0,2,"gunhcolab,hweowe"
701,16622242,"Robert Koval","2026-08-12 14:53:39",2070.4,2,robertkoval
702,16670202,"Elizabeth Park","2026-08-09 20:33:17",2070.4,2,elizabethpark
703,16634082,"Mikey Marszewski","2026-08-09 00:46:00",2069.5,2,mikeymarszewski
704,16667219,"Komil Parmar","2026-08-08 10:00:55",2068.4,2,komilparmar
705,16669403,mrgrishninsb,"2026-08-09 10:43:27",2066.7,2,mrgrishninsb
706,16641535,Tutti,"2026-08-09 12:38:55",2065.7,2,malk271828
707,16661100,"Muhammad Junaid","2026-08-11 08:00:11",2063.1,2,junaid512
708,16660259,Marcus,"2026-08-08 17:23:34",2062.9,2,marcuseno
709,16658803,"Rahul Jiwane","2026-08-12 06:42:24",2062.0,2,rahuljiwane
710,16665935,eternitywinner,"2026-08-08 14:41:53",2061.6,2,eternitywinner
711,16668334,Suavemango,"2026-08-12 05:18:03",2059.7,2,suavemango
712,16643693,"Kerem çelik","2026-08-08 13:15:46",2058.9,2,keremelik
713,16667245,"KAIWALYA RAUT","2026-08-09 09:04:25",2058.9,2,kaiwalyaatulraut
714,16692469,neoistheone,"2026-08-08 18:38:13",2057.1,1,neoistheone
715,16623635,HiroyukiSasaki,"2026-08-11 23:41:22",2056.6,2,hiroyukisasaki815
716,16633793,adakoda,"2026-08-12 01:49:13",2049.9,2,adakoda
717,16626191,"kevin park","2026-08-12 16:19:18",2049.5,2,k3v1npark
718,16671174,Alexandre008,"2026-08-09 12:29:49",2049.5,2,alexandre008
719,16705192,"John Ogah","2026-08-12 08:13:23",2048.9,2,johnogah
720,16679683,Aberrchan,"2026-08-08 17:44:32",2048.1,2,aberrchan
721,16655519,CurveCowboy,"2026-08-08 17:47:48",2048.1,2,curvecowboy
722,16668761,"Lorenzo Regalado","2026-08-11 21:23:18",2046.9,2,lregaladohdez
723,16688896,"JianYuan Deng","2026-08-12 06:35:41",2043.4,2,jianyuandeng
724,16653984,"Howard Lyu","2026-08-08 18:35:00",2041.7,2,howardlyu
725,16664573,AdhithyaRokhith,"2026-08-09 15:31:02",2040.9,2,adhithyarokhith
726,16623461,MightyK,"2026-08-09 05:36:23",2040.2,2,anhhkhoi
727,16663515,HamsterSashka,"2026-08-12 03:41:37",2040.1,2,hamstersashka
728,16692677,"Ashish Dubey","2026-08-10 06:17:34",2036.6,2,ashish124536
729,16708965,"Witold Dziurdz","2026-08-12 15:42:31",2036.3,2,witolddziurdz
730,16682843,underline12311,"2026-08-09 14:23:02",2033.8,2,underline12311
731,16655379,Ikeda0516,"2026-08-11 13:43:33",2032.3,2,ikeda0516
732,16702774,FilipJ,"2026-08-12 16:19:04",2032.1,2,filipjarmua
733,16655693,DePie,"2026-08-10 08:01:37",2031.7,2,phucthaiv02
734,16630825,"Black Mamba Farm","2026-08-12 08:40:14",2031.3,2,"asherjyd,qizhiran,yukundu231100"
735,16689389,Chukunder,"2026-08-12 03:06:34",2031.3,2,"farbricated,sarikajivrajika"
736,16674353,"Lakshmanan R","2026-08-09 05:44:57",2025.2,2,lakshmanankumar02
737,16622420,RuiFSPinto,"2026-08-11 16:40:06",2023.6,2,ruifspinto
738,16692432,"CHARIF Younes","2026-08-10 17:33:59",2021.7,2,youyoucrf
739,16667734,SuroRitch,"2026-08-12 16:36:04",2020.8,2,suroritch
740,16712651,riicon,"2026-08-12 13:23:40",2018.6,1,risakashiwabara
741,16631536,kglctf,"2026-08-12 10:37:31",2018.5,2,kglctf
742,16709504,U023,"2026-08-11 22:04:04",2018.4,1,ryutek
743,16684762,X-xuhui,"2026-08-08 10:07:58",2018.0,2,xxuhui
744,16644643,today,"2026-08-08 14:08:53",2016.9,2,today55
745,16658044,"Roshan Singh","2026-08-09 12:45:40",2015.7,2,roshanavadheshsingh
746,16682353,"counter puncher","2026-08-08 22:57:40",2015.0,2,ahmadabdoumalickdiop
747,16623368,"Evgeniy Veselkov","2026-08-09 08:58:45",2014.1,2,evgeniyveselkov
748,16671588,Keisuke,"2026-08-11 23:17:19",2013.5,2,keisukeueda
749,16664481,"Siddhu Jaykay","2026-08-12 14:02:29",2012.9,2,siddhujaykay
750,16664242,"Alex Lee","2026-08-11 03:43:12",2011.8,2,aiexanderr
751,16625472,"luna is free！","2026-08-08 11:26:52",2009.6,2,simingtan
752,16670032,Kenjo1209,"2026-08-12 08:42:23",2007.3,2,kenjo1209
753,16678506,SireeshLimbu,"2026-08-08 08:39:43",2006.8,2,sireesh
754,16668215,renta.k,"2026-08-08 15:32:02",2006.4,2,renta0426
755,16671150,Vextrovis,"2026-08-11 14:32:55",2003.0,2,rattanunt
756,16654841,"ABHIRUP DAS","2026-08-11 17:58:59",2002.1,2,abhirupdas10
757,16652849,Hejunhui,"2026-08-12 09:49:32",2001.1,2,website98
758,16669856,StrugglerK,"2026-08-09 14:42:17",1999.5,2,muhammedkaanlker
759,16623630,noobanot,"2026-08-12 11:18:41",1998.7,1,noobanot
760,16674839,"hongqian miao","2026-08-08 09:24:03",1997.5,2,hongqianmiao
761,16691275,"Muhiminul Islam   Mahim","2026-08-12 10:04:35",1997.1,2,muhiminulislammahim
762,16667951,KoRo2_JP,"2026-08-11 07:27:58",1993.6,1,koro2jp
763,16643554,"Arnie Jimenez","2026-08-10 17:55:07",1992.3,2,arniejimenez
764,16634468,"Kun Zhang","2026-08-09 06:20:11",1991.8,2,beicicc
765,16656990,"NALLA SUMANG","2026-08-09 03:53:06",1990.7,2,sumangnalla
766,16670117,"Raj Aryan","2026-08-07 18:15:04",1989.5,2,rajaryan2503
767,16631595,CuteClaw,"2026-08-12 12:10:48",1988.5,2,bloodmoonwq
768,16694744,XiaoZhiren,"2026-08-10 13:03:56",1985.7,2,"ruikangan,xiaozhiren"
769,16684639,Bru3ll,"2026-08-09 15:50:45",1980.3,2,bru3ll
770,16678618,"Manu Nicholas Jacob","2026-08-12 15:44:27",1980.0,2,manunicholasjacob
771,16668630,Keito,"2026-08-08 05:10:39",1978.3,2,keitookamoto
772,16710140,Lynxx,"2026-08-12 13:09:23",1977.3,2,lynnsakurai
773,16626655,"Surya milenial","2026-08-12 10:21:00",1976.6,2,suryamilenial
774,16711204,"harden james","2026-08-12 08:00:14",1974.8,1,ffusername
775,16681986,"Chirantan Bhardwaj","2026-08-07 10:07:52",1971.3,1,chirantanbhardwaj
776,16627799,"navazsh fathi","2026-08-08 10:28:32",1970.9,2,navazshfathi
777,16692711,Deniz,"2026-08-12 16:19:54",1961.1,2,denizeryilmaz
778,16655582,"Yang Jinneng","2026-08-12 06:24:05",1961.0,2,adurey
779,16700630,apoyusiken,"2026-08-12 06:10:52",1955.7,2,umutarpay
780,16657941,"Nick Styles","2026-08-09 20:52:28",1955.7,2,styles
781,16665125,"David Schindler15","2026-08-12 04:16:43",1955.3,2,"davidschindler15,mz3207"
782,16685828,Ztr0,"2026-08-09 05:53:10",1953.8,2,y1amadeus
783,16671837,"Ronald K Wilson ","2026-08-12 03:28:02",1952.6,2,ronaldkwilson
784,16668430,"john inan","2026-08-12 12:01:17",1952.0,2,johninan
785,16672241,dupakdungking,"2026-08-12 12:13:20",1951.7,2,primarizki
786,16651244,"Knight of Favonius","2026-08-07 19:15:29",1951.5,2,ladyfaye
787,16670406,"jessica jennifer","2026-08-09 09:14:46",1950.8,2,jessicajennifer
788,16670058,"Dahoui Alex Armel ","2026-08-07 01:02:07",1950.3,2,dahouialexarmel
789,16672980,"Thomas Prinz","2026-08-09 13:57:51",1949.1,2,xardiphotography
790,16643125,"CARLOS CAADA ROSTRO","2026-08-08 11:27:29",1946.9,2,carloscaadarostro
791,16623708,"Chekhlov Dmitrii","2026-08-09 09:45:05",1946.5,2,zoli800
792,16670433,"Mohammad Osamah Atif","2026-08-07 10:24:54",1945.9,2,osamatif
793,16631101,"Muneeb ul Hassan","2026-08-10 09:56:41",1944.8,2,muneeb2405
794,16655323,roma,"2026-08-09 19:49:51",1942.9,2,mnroma
795,16684045,zekenoe,"2026-08-09 16:11:56",1941.2,2,zekenos
796,16697458,"Lissandra Kruse Fuganti","2026-08-11 00:06:20",1939.4,2,lissandrakruse
797,16630441,"yjhv buddies","2026-08-07 09:50:05",1935.1,2,bender1123123
798,16678462,"Eric Han Wang","2026-08-12 14:31:52",1931.5,2,ericwang03
799,16665641,"Alexander Shahramanyan","2026-08-12 16:12:57",1931.3,2,alexshah
800,16678930,"Just a moroccan","2026-08-09 13:45:12",1925.5,2,zbidaamine
801,16655190,"Will Rice","2026-08-08 21:48:22",1922.6,2,willrice
802,16659610,gareeb,"2026-08-10 15:46:50",1920.7,2,"arjund29,saqlainsqx,yashawl194"
803,16655076,"Tita Kongolo","2026-08-08 09:08:57",1917.6,2,titakongolo
804,16677592,keniii,"2026-08-11 07:44:32",1916.9,2,kartheeswaran28
805,16686444,"Syakirin Pahimi","2026-08-12 16:32:35",1916.1,2,syakirinpahimi
806,16624919,"Juste Me (●'◡'●)","2026-08-09 14:00:21",1912.7,2,degnonguidi
807,16680075,I_luv_magick,"2026-08-07 09:50:30",1912.5,2,iluvmagick
808,16657598,"Arun Mallikarjuna","2026-08-10 04:29:14",1910.3,2,arunmallikarjuna
809,16673002,xubenzheng,"2026-08-07 15:40:31",1907.7,2,xubenzheng
810,16693374,"Henfry De Los Santos","2026-08-12 11:43:51",1907.1,2,henfrydelossantos
811,16660488,tehyoni,"2026-08-12 08:44:50",1905.5,2,"gooberdambi,sidcat,suaeng,tehyoni"
812,16692038,CodeHacker,"2026-08-09 07:58:52",1905.3,2,junhanzangai
813,16694065,zhangwei02,"2026-08-11 15:24:30",1902.8,2,zhangwei02
814,16671403,"Alex Karpowicz","2026-08-08 18:36:52",1901.7,2,alexkarpowicz
815,16685763,"koren sabag","2026-08-09 10:31:28",1899.9,2,korensabag
816,16676321,"tao wu11","2026-08-09 06:26:30",1899.4,2,"taowu11,xujchill"
817,16634174,phibkro,"2026-08-07 03:10:52",1899.3,2,phibkro
818,16687479,kowalskii,"2026-08-11 19:46:40",1897.6,2,anirudhkumaraheer
819,16655179,"I Need an Internship","2026-08-08 06:51:00",1897.3,2,dimasibnumuthi
820,16658221,"Roshan Roy","2026-08-11 14:12:14",1894.5,2,"adhilvt,mohamedarifj,roshanroy333"
821,16660594,XIAODOUZI,"2026-08-12 14:15:10",1890.8,2,xiaodouzi666
822,16667124,"Chaotic Era","2026-08-12 01:26:13",1887.7,2,sani84
823,16635781,wacata,"2026-08-07 07:25:14",1887.6,2,wacata
824,16664120,SaiDuttaAbhishekDash,"2026-08-09 17:08:59",1884.7,2,saiduttaabhishekdash
825,16630129,"Yi Lu","2026-08-08 05:23:05",1882.7,2,liqiu0224
826,16626203,"Manish Kumar Maurya","2026-08-07 05:40:50",1882.4,2,manishkumarmaurya11
827,16675305,"Justin Sabu Sebastian","2026-08-07 12:45:39",1879.5,2,justinsabusebastian
828,16659585,"Anas Riaz","2026-08-08 20:20:23",1876.0,2,anasriaz
829,16677423,songling,"2026-08-09 09:01:39",1875.7,2,"lvbingrong,oralia"
830,16694751,im_justmatthew,"2026-08-10 11:27:00",1875.6,2,imjustmatthew
831,16655156,"Pranjal Ranjan","2026-08-06 23:58:43",1875.6,2,pranjalranjan299
832,16638557,"Araik Tamazian","2026-08-12 16:02:05",1874.2,2,atamazian
833,16664283,"Nguyễn Hữu Công","2026-08-07 05:24:48",1872.0,2,nguynhucng
834,16632294,"Rajan Nagarajan","2026-08-12 14:12:50",1871.7,2,narajan
835,16657100,"Jacky Chan","2026-08-12 01:55:47",1869.4,2,jhkchan
836,16653199,Koba,"2026-08-07 09:06:33",1867.2,2,zone0906
837,16624485,"Nishant Dahal","2026-08-10 02:24:42",1865.2,2,nishantdahal
838,16695182,"Ali Haydar Özdağ","2026-08-10 14:29:59",1861.7,2,ahoirg
839,16699784,nianyu,"2026-08-10 09:46:32",1859.7,2,nianyuc
840,16687594,"Andrew Markley","2026-08-11 23:51:09",1859.5,2,andrewmarkley1
841,16659550,"Sai Syam","2026-08-12 07:55:14",1858.5,2,saisyam
842,16631665,"jatan sanghvi","2026-08-07 06:10:48",1858.1,2,jatansanghvi
843,16640880,"wenyuan Guo","2026-08-11 11:46:53",1857.7,2,gwey1025
844,16661899,AAI,"2026-08-09 14:23:08",1855.3,2,aiolapo
845,16635745,"João Victor","2026-08-10 12:01:29",1853.6,2,jvlegend
846,16652900,cjen07,"2026-08-07 23:33:05",1853.5,2,cjen07
847,16679004,"Kevin Zhao","2026-08-11 03:42:24",1852.0,2,kevinzhao666
848,16662730,Operator-X,"2026-08-08 10:06:04",1851.2,2,"jpexee,lavlinjaisonme23b250"
849,16692845,"Yassine Ben Zekri","2026-08-11 22:23:49",1850.1,2,yassinebenzekri
850,16671844,I2nfinit3y,"2026-08-07 02:27:10",1846.3,2,i2nfinit3y
851,16677337,"xi luo","2026-08-12 15:33:05",1846.0,2,xiluo00
852,16697844,Noobykiller16,"2026-08-10 20:31:53",1845.7,2,noobykiller16
853,16660121,22307110257-张扬,"2026-08-11 13:10:34",1844.0,2,meredith10pi
854,16659618,"Jeevan Jolly","2026-08-09 11:09:37",1843.5,2,jeevanjolly
855,16623920,"Kazuta MIZUTA","2026-08-07 03:22:25",1842.8,2,kazutamizuta
856,16684947,Hoaquason,"2026-08-09 18:43:23",1841.4,2,"datnguyen0102,mibombaclat"
857,16698661,"Albert Wang","2026-08-10 03:51:15",1841.4,1,mianwang1024
858,16656011,"Jiashun Tan","2026-08-11 01:45:51",1838.1,2,jiashuntan
859,16637919,NoOneAhead,"2026-08-07 05:12:50",1834.9,2,jerrlu
860,16671306,Yeswanthperni,"2026-08-12 06:02:32",1834.1,2,"tanvicaaa,yeswanthperni"
861,16665654,"Anurag H H","2026-08-07 05:09:02",1833.1,2,anur4ghh
862,16675780,susutem,"2026-08-09 12:02:48",1832.9,2,susutem
863,16659295,snaykey,"2026-08-09 22:01:48",1832.7,2,snaykey
864,16706207,Wonderwall,"2026-08-12 03:39:30",1828.7,2,yuxiang328
865,16663780,"Hamza Kanice","2026-08-09 00:08:11",1828.5,2,hamzakanice
866,16663264,Adarsh,"2026-08-07 07:00:10",1826.6,2,madarshbb
867,16669038,"Nabeel Shar","2026-08-09 13:29:09",1826.4,2,nabeelshar
868,16677399,lyts,"2026-08-09 21:35:13",1826.1,2,lytsyyds
869,16660255,"Revanth Tambisetty","2026-08-09 13:33:26",1825.7,2,revanthtambisetty
870,16665129,Doom,"2026-08-07 11:32:38",1823.1,2,"mr6436,sanskaarundale"
871,16639496,"Sai Teja Bandaru","2026-08-11 14:51:49",1821.6,2,saitejabandaruin
872,16645078,"A Aswanth Raj","2026-08-09 08:57:36",1821.4,2,aaswanthraj
873,16651052,lty,"2026-08-07 02:45:54",1819.0,2,linwei9
874,16670545,"Mouad AIT HA","2026-08-11 21:13:18",1819.0,2,mo0103
875,16677107,gagacrow,"2026-08-11 05:42:18",1818.9,2,gagacrow
876,16657594,"Wojciech Krasowski","2026-08-07 11:21:03",1813.7,2,ci3l4k
877,16633132,"Triston Morgan","2026-08-09 12:09:29",1812.2,1,yanzhou06
878,16656118,Mutte1904,"2026-08-07 05:03:56",1811.7,2,mutte1904
879,16671372,"Meet Sabhaya","2026-08-08 06:02:13",1809.3,2,meetsabhaya
880,16662718,xlnt,"2026-08-09 16:55:43",1806.3,2,"princebisht,xlnt404"
881,16676193,"Akira Hirohashi","2026-08-07 14:00:23",1804.8,2,akirahirohashi
882,16630380,JM,"2026-08-12 06:57:25",1804.0,2,julianmukaj
883,16622454,automatylicza,"2026-08-09 12:23:31",1803.6,2,automatylicza
884,16658875,"Noah Bishop","2026-08-10 09:56:34",1802.8,2,noahbishop1
885,16669518,Galagala,"2026-08-07 18:35:59",1801.3,2,b12705059
886,16689471,wenjinyang,"2026-08-11 13:32:09",1800.2,2,wenjinyang
887,16653208,FabienDaniel,"2026-08-07 10:17:38",1798.9,2,fabiendaniel
888,16683982,Kenny,"2026-08-09 21:25:40",1797.6,2,kmonar
889,16668029,Timbo615,"2026-08-07 11:56:21",1795.8,2,timbo615
890,16667091,"Nico Feiler","2026-08-07 14:27:47",1793.9,2,nicofeiler
891,16685349,Onelux,"2026-08-10 12:23:42",1792.8,2,leehomhuang
892,16652827,"Rob C","2026-08-12 12:26:49",1791.1,2,robertcheah
893,16681065,SYC,"2026-08-07 03:22:25",1790.7,1,yichengs
894,16694317,"PRITIKA SA","2026-08-09 07:17:19",1787.1,2,pritikasa
895,16654626,bgsszsa,"2026-08-07 12:01:33",1786.5,2,bgsszsa
896,16644150,"J.M.Mubasshir Rahman","2026-08-09 17:15:01",1783.1,2,jmmubasshirrahman
897,16660101,Zarathustra,"2026-08-12 02:48:18",1776.5,2,rezkyadytama
898,16698930,MrKiwi,"2026-08-12 02:06:14",1776.1,2,mrkiwi
899,16624040,kumk,"2026-08-07 22:44:03",1775.4,1,kknagoya
900,16671515,ziheng,"2026-08-07 09:47:38",1775.4,2,zihengedie
901,16699856,yukio,"2026-08-12 11:38:03",1772.7,1,yukioseki
902,16695799,Vaycheslav,"2026-08-09 19:44:14",1770.6,2,vaycheslav
903,16632444,"Issac “Izreal” Davis","2026-08-11 02:18:30",1768.3,2,issacizrealdavis
904,16685556,binghua_123,"2026-08-12 11:10:21",1767.9,2,binghua123
905,16670671,"TAUIL Abd Elilah","2026-08-11 01:17:39",1767.0,2,tauilabdelilah
906,16641884,Blacklions.,"2026-08-09 09:34:07",1766.2,2,blacklions
907,16622034,"Aryan Yadav","2026-08-06 20:18:10",1765.1,2,simplexcomplex
908,16676275,Scorpi,"2026-08-12 01:34:25",1763.5,2,scorpi
909,16681049,"SiLin “Can SiLin” Can","2026-08-08 02:38:07",1762.8,2,silincansilincan
910,16671361,"Hangyu Yu","2026-08-12 05:09:49",1760.7,2,cqupthangyuyu
911,16660215,"YoungDSML [dsml.kz]","2026-08-06 16:29:33",1758.3,2,"mazgas,nurikw3"
912,16685634,"Syed Asad Ali","2026-08-12 15:30:39",1758.2,2,syed3000
913,16639800,"Yong Ming-Jia","2026-08-12 08:29:55",1754.8,2,ymingj
914,16624309,jjamppongmandu,"2026-08-10 01:36:25",1753.4,2,"beckspeca,hihiimj,jjamppongmandu"
915,16668700,"Pranshu Ghori","2026-08-06 20:24:22",1753.2,2,pranshughori
916,16676038,"Adyanth M","2026-08-09 05:12:40",1751.6,2,adyanthm
917,16665561,LuoXingda,"2026-08-07 08:22:42",1750.4,2,luoxingda
918,16695283,"Mark Baushenko","2026-08-09 10:45:53",1747.9,1,e0xextazy
919,16692883,coolguy,"2026-08-08 20:56:21",1747.3,1,vihangpagare334
920,16622319,"Roman Tamrazov 52","2026-08-07 18:51:27",1743.1,2,romantamrazov
921,16672251,"Kavinkumar M","2026-08-11 08:27:00",1741.2,2,kavinkumarrkm
922,16663229,kakuteki,"2026-08-12 04:32:56",1741.0,2,kakuteki
923,16671424,cicen1139,"2026-08-10 02:02:39",1741.0,2,cicen1139
924,16659727,shuaiqiyang,"2026-08-06 08:48:53",1740.8,2,shuaiqiyang
925,16691946,"Hassan Algizani","2026-08-12 15:05:39",1740.8,2,hassanalgizani
926,16633173,"Saulo Quiñones Góngora","2026-08-07 19:51:42",1740.6,2,sauloquionesgngora
927,16658709,"Kaggler Albafica","2026-08-06 10:05:39",1737.0,2,kaggleralan
928,16665976,"Daksh Goyal","2026-08-08 20:36:06",1733.9,2,dakshgoyal387
929,16635518,"ROFIQUL ALAM SHEHAB","2026-08-09 11:49:00",1733.9,2,rofiqulalamshehab
930,16694149,maxout,"2026-08-12 16:01:00",1732.4,2,"aadijoshi19,kavyabhand"
931,16655758,patience,"2026-08-10 13:25:19",1732.1,2,weirdocurry
932,16654662,"2/3 rounded to two decimals","2026-08-06 00:49:19",1731.8,2,rnold2
933,16639583,typeIIIfairy,"2026-08-08 09:32:35",1726.4,2,typeiiifairy
934,16676280,agniii,"2026-08-06 17:05:08",1723.2,2,agniii
935,16633709,"kitory Yeah やきとり","2026-08-12 00:26:27",1720.8,2,kitoryyeah
936,16663369,csteeve,"2026-08-07 18:44:37",1720.4,2,csteeve
937,16665841,"Mohit Rao","2026-08-09 05:05:31",1720.3,2,vmohitrao
938,16658025,"Dennis Gioche","2026-08-06 09:08:34",1719.8,2,dennisgioche
939,16686155,梁圣的恩情还不完,"2026-08-09 09:52:59",1719.4,2,yyyyhhhhwww
940,16704247,WeAreFarmers,"2026-08-12 16:50:18",1717.5,2,gbmorris1
941,16666358,"GAYATHRI SALINI","2026-08-07 07:55:26",1716.8,2,gayathrisalini09
942,16685450,Nadeem,"2026-08-07 14:01:19",1716.2,1,nadeembinshajahan
943,16659776,"Ben Hamilton","2026-08-10 16:56:23",1714.3,2,kineticaxisstudio
944,16630689,yw8837,"2026-08-12 15:58:25",1713.9,2,yw8837
945,16623485,XtraLearning,"2026-08-09 17:10:36",1713.4,2,xcessivesmash
946,16659820,Accayo14,"2026-08-06 14:20:30",1713.1,2,accayo14
947,16621590,Yaroslav,"2026-08-09 14:34:12",1713.1,2,yaroslavrogoza
948,16633100,"Emile Andrieu","2026-08-09 10:03:42",1712.3,2,emileandrieu
949,16669608,"Jesy Lu","2026-08-07 14:45:41",1711.8,2,jesylu
950,16657646,mountainbob,"2026-08-06 15:03:03",1711.5,2,shongpakmanoon
951,16685626,"Livingstone Selassie","2026-08-12 03:10:50",1710.4,2,"hackerx019,livingstoneselassie"
952,16655497,cszf_first,"2026-08-09 02:06:46",1709.3,2,cszffirst
953,16626979,"Soobin An","2026-08-06 03:34:21",1709.1,2,myotterspace
954,16660430,"Hassaan Ibrahim","2026-08-10 12:45:55",1708.9,2,hassaanibrahim
955,16675486,"SALAH ELDIN ELNABARAWY","2026-08-08 17:50:16",1708.8,2,salaheldinelnabarawy
956,16623034,"Vlad Kochetov","2026-08-10 21:43:51",1707.9,2,vladkochetov07
957,16652764,hikahika,"2026-08-12 03:28:04",1705.4,2,naganohikaru
958,16660281,"xiy lin","2026-08-08 21:24:13",1703.6,2,xiylin
959,16689366,"Cuong Le","2026-08-12 11:56:25",1702.7,2,ad1999
960,16682753,"Cam-Luan Truong","2026-08-12 06:42:29",1699.8,2,luantruong
961,16686843,"Juraj Zelman","2026-08-09 08:40:09",1699.2,2,jurajzelman
962,16674932,kokinnwakashuu,"2026-08-07 07:20:19",1698.9,2,kokinnwakashuu
963,16669491,"Parakh Sharma","2026-08-06 10:59:33",1698.2,2,parakh20
964,16681927,"Dariush Afshar","2026-08-09 05:55:14",1695.1,2,dariushafshar
965,16690889,"B A S E L #","2026-08-08 14:47:22",1692.4,2,basselll
966,16664409,"Kathi Munishwar","2026-08-09 03:37:05",1692.0,1,kathimunishwar
967,16682892,"Alvaro Llamojha","2026-08-11 20:49:24",1691.3,2,alvarollamojha
968,16689488,"Ming Fong","2026-08-08 07:23:41",1688.9,1,evilpegasus
969,16669273,Parag,"2026-08-07 02:10:29",1685.6,2,paragkale
970,16681007,AkiraOnojp,"2026-08-12 07:12:31",1679.7,2,akiraonojp
971,16675753,Khafidin,"2026-08-12 05:16:26",1679.2,2,khafidin
972,16623798,RuiKimura4,"2026-08-08 04:11:01",1678.2,2,ruikimura4
973,16665357,XW,"2026-08-12 00:17:57",1673.0,1,xuewei
974,16660120,gktdgktdgktd,"2026-08-07 07:50:45",1670.1,2,gktdgktdgktd
975,16663649,"Akhil Chinta","2026-08-12 16:27:09",1669.4,2,akhilchinta1505
976,16654995,"Artem Voronov","2026-08-09 19:10:40",1669.0,2,artemyvoronov
977,16668545,Ronty00,"2026-08-06 08:24:07",1665.4,2,ronty00
978,16672660,"Straw Hat","2026-08-11 06:14:47",1664.3,2,"anuragugargol,tanishafagare114"
979,16677596,Sere1n,"2026-08-11 18:32:13",1660.9,2,chacc0
980,16692970,LakoMoor,"2026-08-09 17:43:25",1660.6,2,lakomoor
981,16698214,Juandix,"2026-08-12 16:29:11",1660.5,2,juandix
982,16653939,"Amr Yasser","2026-08-06 17:56:07",1659.6,2,amryasswe
983,16664252,"Huy Hoang","2026-08-12 08:28:09",1658.6,2,themeend
984,16667606,Manifolds1,"2026-08-06 16:36:46",1653.6,2,ptrakuldit
985,16639871,"Aura Farming","2026-08-06 11:39:31",1652.4,2,gauthieravite
986,16634149,"Hozuma ITOBAYASHI","2026-08-12 16:08:05",1651.7,2,hozumaitobayashi
987,16673234,MACvengers,"2026-08-10 05:01:44",1651.3,2,"astrojaswanthkumar,ikpikp"
988,16662041,"Thu Nguyen","2026-08-08 14:58:22",1651.2,2,thunguyen1510
989,16654585,"David Pedersen","2026-08-12 15:10:43",1649.6,2,semalytics
990,16638998,"khalid harouach","2026-08-12 14:34:47",1649.4,2,khalidharouach
991,16688898,"Sanskar Omar","2026-08-09 11:10:44",1646.8,2,sanskaromar7
992,16659679,Civitasmass,"2026-08-06 10:53:16",1646.0,2,godhand
993,16658245,ziliangCok,"2026-08-06 07:36:04",1644.4,2,ziliangcok
994,16693193,"Efrain Garay","2026-08-10 10:19:40",1642.8,2,efraingaray7
995,16663759,🔥🦫📿🗽,"2026-08-09 13:40:08",1639.5,2,datafad
996,16660537,Furina,"2026-08-08 13:52:01",1638.7,2,cjlcjlcjl
997,16625908,trantrikien239,"2026-08-06 04:32:29",1636.3,2,trantrikien239
998,16660091,bcTiann,"2026-08-06 05:55:54",1635.9,2,bctiann
999,16637255,"Peter Parker","2026-08-10 22:53:59",1633.6,2,superallen001
1000,16635890,Poojan,"2026-08-06 09:44:47",1633.5,2,poojankumartandel
1001,16667714,ZhexinJiang,"2026-08-06 11:26:30",1632.9,1,zhexinjiang
1002,16679810,"Patrick Joël MAIRLOT-MBEZELE","2026-08-12 14:47:54",1630.0,2,pigenesis75
1003,16661739,"Spandan Mhapsekar","2026-08-08 10:39:41",1629.6,2,spandanmhapsekar
1004,16673881,"Sebastian Johansson","2026-08-10 13:37:36",1629.6,2,sebbejohansson
1005,16659730,"Zhang Yingluo","2026-08-10 08:15:53",1627.7,2,zhangyingluo
1006,16621063,"Aikyatan Sinha","2026-08-07 16:53:10",1627.6,2,aikyatansinha
1007,16685743,"Alex Oranov","2026-08-10 15:16:12",1626.6,2,aoranov
1008,16651804,"Bocen Li","2026-08-11 12:53:51",1625.3,2,bocenli
1009,16643922,Konstantin03,"2026-08-07 13:37:54",1625.1,2,konstantin03
1010,16683909,"Krzysztof ""Chris"" Karaszewski","2026-08-09 08:07:50",1622.6,2,futureofworkchannel
1011,16692272,Ddere008,"2026-08-11 20:17:41",1622.3,2,ddere008
1012,16682306,岸本湧士郎,"2026-08-12 08:19:43",1622.1,2,yushiro20021111
1013,16669542,Agzam,"2026-08-06 05:09:43",1616.4,2,mazgag
1014,16688579,"Long Hu","2026-08-09 09:41:04",1616.2,1,longhul
1015,16675752,"Simon Rüba","2026-08-10 14:23:16",1615.6,2,simonrba
1016,16664827,"Jose Miguel Diez de la Lastra","2026-08-07 16:08:49",1615.4,2,josemigueldiez
1017,16633414,"sagar tripathy","2026-08-11 18:18:28",1613.6,2,sagar8trip
1018,16670715,i3,"2026-08-10 04:36:04",1612.7,2,ishijima
1019,16689274,Anyeson,"2026-08-09 13:52:24",1611.6,2,anyeson
1020,16665500,"Madan kumar","2026-08-12 06:47:54",1610.8,2,winklemad
1021,16665431,"Monojit Nandy","2026-08-06 11:50:38",1609.8,2,vedarthmn
1022,16625013,sash,"2026-08-05 01:00:10",1609.6,2,sash2104
1023,16657989,"vishnu gopal P","2026-08-08 12:27:56",1609.3,2,vishnugp
1024,16665702,"Aman Gupta","2026-08-06 08:09:05",1608.3,2,amangupta0014
1025,16632446,"Abdul Wahab Khan","2026-08-06 04:53:37",1606.3,1,abdulwahab2321
1026,16633773,copasta,"2026-08-09 00:03:00",1606.3,2,copasta
1027,16688281,"Luke Stafford","2026-08-11 14:05:00",1605.8,2,luketstafford
1028,16657957,"Mounika Kommireddy","2026-08-08 07:57:32",1605.4,2,mounikakommireddy
1029,16659843,"Amer Alkhalili","2026-08-12 14:26:19",1604.8,2,ameralkhalili
1030,16657877,zigiella,"2026-08-11 05:48:45",1603.3,2,zigiella
1031,16667503,Yuzuki,"2026-08-05 12:19:45",1601.3,1,yuzukiohya
1032,16683439,Goober,"2026-08-10 19:46:41",1597.1,2,kongzhisyuen
1033,16671767,Kaileh57,"2026-08-11 02:23:04",1595.9,2,kaileh57
1034,16623836,awarse,"2026-08-07 09:31:46",1595.3,2,awarse
1035,16624977,Avikumar93801,"2026-08-11 05:55:19",1592.8,2,avikumar93801
1036,16668049,"Masayoshi Kurihara","2026-08-09 08:26:54",1591.2,2,masayoshikurihara
1037,16675027,namanbnsl,"2026-08-06 13:02:52",1589.2,2,namanbnsl
1038,16653855,"Klgv Klgv","2026-08-06 11:54:38",1587.4,2,klgvklgv
1039,16666686,yolo,"2026-08-08 12:08:38",1587.3,2,avin55
1040,16693488,"Bernard Boatey","2026-08-09 16:36:58",1587.0,2,bernardboatey
1041,16655912,sssskilo,"2026-08-07 09:54:24",1586.2,2,wellkilo
1042,16673155,"Babar Khilji","2026-08-06 15:55:26",1584.8,2,babarkhilji
1043,16670304,"Daniel Tomaro1","2026-08-09 03:03:06",1582.0,2,danieltomaro1
1044,16669826,Jesse,"2026-08-09 16:12:43",1581.4,2,jesneuman
1045,16658499,Grifun,"2026-08-09 03:24:51",1580.9,2,msingatullin
1046,16666027,CropBOTS,"2026-08-11 11:05:50",1580.3,2,"anshultickoo,itsmepooja,manuakumar,sapnajain115"
1047,16660209,"Whyme Labs","2026-08-12 16:03:03",1580.1,2,whymelabs
1048,16630713,"Grzegorz Sionkowski","2026-08-07 06:31:05",1576.0,2,sionek
1049,16658723,"Waleed Alkhateeb","2026-08-05 13:31:44",1575.2,2,waleedalkhateeb
1050,16623665,Giba,"2026-08-05 22:44:41",1573.7,2,titericz
1051,16692851,ichnixhelle,"2026-08-12 16:28:31",1573.7,2,ichnixhelle
1052,16653085,"haoran huang430","2026-08-06 02:37:22",1572.5,2,haoranhuang430
1053,16653958,seowoohyeon,"2026-08-06 11:48:06",1572.2,2,seowoohyeon
1054,16670791,Hugelidus,"2026-08-12 16:13:52",1568.5,2,hugelidus
1055,16670221,fle3n,"2026-08-08 19:48:37",1567.3,2,fleongg
1056,16667147,"Daksh Bhalala","2026-08-06 02:54:05",1565.9,1,dakshbhalala
1057,16672520,"Nah I'd win","2026-08-07 08:09:12",1563.8,2,asutriy
1058,16653890,YUKRUB,"2026-08-12 12:33:52",1563.7,2,yukrub
1059,16662161,"Touhidul Alam Seyam","2026-08-10 12:39:51",1562.4,2,seyamalam
1060,16681480,"Kevin Nguyen","2026-08-10 09:30:12",1561.2,2,haidangnguyen1802
1061,16654373,thwaitsusa2,"2026-08-10 17:22:28",1558.8,2,thwaitsusa2
1062,16663457,Furqan102102,"2026-08-09 12:02:35",1558.1,2,furqan102102
1063,16634654,unknown,"2026-08-08 02:11:24",1557.8,2,abdullahshafi2021
1064,16637458,OlivierS,"2026-08-08 09:05:41",1556.1,2,oliviers
1065,16641326,IY,"2026-08-05 19:27:31",1554.8,2,irotrader
1066,16670999,Maksonch1k,"2026-08-06 09:08:09",1551.0,2,maksonch1k
1067,16667479,"Leon Christians","2026-08-08 20:22:20",1547.7,2,leonchristians
1068,16654742,"Aastik Rajan15","2026-08-11 21:31:00",1544.6,2,aastikrajan15
1069,16690829,JeremyH43,"2026-08-12 15:58:20",1544.2,2,jeremyh43
1070,16670361,"Saud Saudesen","2026-08-12 12:37:47",1543.2,2,saudsaudesen
1071,16665015,"laiba razzaq10","2026-08-07 14:21:49",1543.0,2,laibarazzaq10
1072,16667843,"durgesh dere","2026-08-11 20:18:02",1541.9,2,durgeshdere08
1073,16647192,"Sailor Ren","2026-08-12 09:19:11",1540.4,2,sailorren
1074,16658717,"Aditya Kapadia","2026-08-06 14:32:16",1539.6,2,adityakapadia2003
1075,16659525,"Dang Khoa Nguyen","2026-08-10 03:27:32",1539.1,2,khoadangnguye
1076,16675344,Azelearn,"2026-08-08 15:43:00",1538.8,2,androidss
1077,16684075,"Tianfang Li","2026-08-11 11:11:10",1538.4,2,tianfangli1
1078,16632493,"oni chan arigato","2026-08-11 14:18:56",1537.5,2,nabidnur
1079,16676283,jnurik,"2026-08-07 17:24:01",1536.9,2,nurdauletmoldik
1080,16658789,Zhanpeng.W,"2026-08-08 10:05:26",1529.4,2,zhanpengw
1081,16657449,"Тимофей Мартыщенко","2026-08-05 17:20:55",1526.5,2,timmass2
1082,16668995,"MD.Firoj Khondokar","2026-08-06 11:05:13",1521.5,2,mdfirojkhondokar
1083,16693050,Shoko,"2026-08-09 10:31:26",1519.7,2,abreyton
1084,16665352,"Paul Nassiri","2026-08-09 09:58:07",1519.1,1,laszlolevray
1085,16660613,今日洗澡明日香,"2026-08-07 09:58:49",1515.0,2,"jasperkag,ryjiang,timmengzh,yningc"
1086,16633043,"Ryan Adams","2026-08-10 10:58:10",1514.6,2,ryanadamsai
1087,16658931,"somewhere after","2026-08-06 23:07:24",1514.0,2,amaterasuuuuu
1088,16660020,"Gaddam Shiva Teja","2026-08-12 13:46:02",1511.1,2,shivateja005
1089,16668736,bhundreds,"2026-08-06 16:28:39",1510.6,2,hundreds1103
1090,16655763,"Diogo Sena","2026-08-08 21:57:03",1510.5,2,diogodmsena
1091,16622788,Fitzcarraldo,"2026-08-07 14:17:24",1507.1,2,ivankuc
1092,16654081,"Aleksei Ponomarev","2026-08-06 00:43:57",1505.2,2,alekseiponomarev
1093,16685358,"Nuno Ferreira","2026-08-07 13:48:37",1503.2,1,ngcferreira
1094,16676739,"Jonathan Zheng Jiahao","2026-08-08 15:08:55",1502.9,2,jonathanzhengjiahao
1095,16623745,chunluran,"2026-08-12 04:48:02",1502.5,2,chunluran
1096,16633179,infamemconculcemus,"2026-08-11 14:48:53",1501.4,2,jcgweb
1097,16653117,"li jiaqi77","2026-08-07 05:32:06",1496.7,2,lijiaqi77
1098,16666282,"Bang sion","2026-08-12 15:46:19",1495.9,2,bangsioni
1099,16627194,GzmCR632,"2026-08-10 14:31:37",1494.6,2,gzmcr632
1100,16644552,Keanan,"2026-08-08 11:35:17",1493.1,2,citerne
1101,16663271,"Malyshev Danil","2026-08-05 14:57:19",1491.7,2,malyshevdanil
1102,16668647,"THIRUPATHI KANNAN K","2026-08-05 15:50:54",1491.4,2,thirupathikannank
1103,16630711,"Aleks Lviv","2026-08-09 12:21:45",1489.9,2,alekslviv
1104,16622820,"Sergey Nefedov","2026-08-06 12:21:31",1488.6,2,sergionefedov
1105,16658670,EveryJust,"2026-08-07 08:33:35",1486.0,2,"everyjust,zfc666wsnd"
1106,16624003,weedfarmer,"2026-08-08 05:34:16",1482.8,2,aleksanderhan
1107,16640264,DhanaLakshmiMalla,"2026-08-11 18:07:59",1480.2,2,dhanalakshmimalla
1108,16670527,"Balram Gupta","2026-08-12 09:23:45",1479.8,2,"akankshaparab,bg28898"
1109,16679155,jeziorop,"2026-08-06 20:34:53",1479.7,1,jeziorop
1110,16666625,"Nguyen Ngoc Thien","2026-08-07 16:12:04",1479.4,2,ngocthienai
1111,16622898,"sbol ball","2026-08-11 22:34:51",1479.4,2,"linearbasis,maksimkostritsya"
1112,16625214,Malla,"2026-08-11 18:12:00",1478.6,2,mallaphalguni
1113,16687463,"Manolo Chow","2026-08-09 22:56:20",1477.8,2,manolochow
1114,16689084,Tam1m,"2026-08-08 06:48:32",1475.9,2,booleanwolf
1115,16652175,"Lucas Boesen","2026-08-11 14:49:34",1474.8,2,lucasboesen
1116,16681226,"tingting shen","2026-08-10 09:24:23",1474.1,2,tingtingshen99
1117,16693382,Sandrone,"2026-08-11 14:30:22",1474.1,2,luvgoelo
1118,16670378,"Ari Carter","2026-08-08 23:18:02",1473.3,2,aricarter
1119,16663808,"Fae Gaze","2026-08-05 16:10:17",1472.2,1,achievement
1120,16685990,VictorAndrew,"2026-08-10 16:39:51",1470.3,2,vicktvr
1121,16632743,"Krizsó Gergely","2026-08-09 10:05:16",1470.3,2,lucifer19
1122,16658384,UwU,"2026-08-10 04:20:44",1470.1,2,claudesewitz
1123,16625060,"Subin An","2026-08-10 08:07:29",1469.9,2,subinium
1124,16666826,"Simone di costanzo","2026-08-07 19:38:11",1469.4,2,simonedicostanzo
1125,16664666,"Rheal Thomas","2026-08-12 04:19:20",1468.8,2,rhealthomas
1126,16665256,zhoujqi,"2026-08-06 18:31:31",1468.3,2,zhoujqi
1127,16666163,"Muthuraman Raman 7","2026-08-06 05:25:09",1467.4,2,muthuramanraman7
1128,16654623,"Asher Goldstein","2026-08-09 17:54:27",1462.2,2,ashergoldsteincd21
1129,16683852,"Abhiram Anil","2026-08-08 06:26:11",1459.7,2,abhiramanil
1130,16639606,Peach2587,"2026-08-12 03:19:13",1458.3,2,momokayoshioka
1131,16656345,sunchang71,"2026-08-05 14:05:13",1456.1,2,sunchang71
1132,16687068,digiliwigili,"2026-08-09 10:42:49",1455.8,2,kukchyievervin
1133,16640332,"ning gu","2026-08-12 10:05:58",1454.9,2,morninggu
1134,16671314,"Robot Farm","2026-08-12 06:59:08",1454.5,2,codearranger
1135,16664170,SpookyHippo,"2026-08-06 02:44:29",1453.1,2,spookyhippo
1136,16639979,naphthalene,"2026-08-07 08:45:35",1452.7,2,"aaa0342,leehyungjoon,minjek,trv449"
1137,16625219,MJVinay,"2026-08-11 18:14:20",1451.8,2,mallajayanthvinay
1138,16654158,"Md. Hamid Hosen","2026-08-06 18:52:05",1451.2,2,hosen42
1139,16667731,"Agent 33","2026-08-09 11:55:05",1451.2,2,agent33
1140,16673179,"Muhammad Faraz Aftab","2026-08-09 10:18:58",1449.4,2,muhammadfarazaftab
1141,16656347,OctahedronBB,"2026-08-07 00:52:27",1448.3,2,octahedronbb
1142,16680646,Naym0425,"2026-08-09 12:29:07",1447.8,2,naym0425
1143,16622531,"musya lyusya team","2026-08-12 00:40:44",1447.5,2,vswz2nqp
1144,16640582,Attension_Seeker,"2026-08-10 06:57:51",1446.7,2,aisipu
1145,16683488,"Ripudaman Parmar","2026-08-12 07:35:32",1446.5,2,"ktkgpt,ripudamanparmar"
1146,16665529,Venneth,"2026-08-08 12:32:20",1446.3,2,venneth
1147,16633276,"Nolan Liang","2026-08-09 03:26:47",1444.6,2,iamlkn
1148,16673303,"Samuel Sundararaman ","2026-08-11 05:34:26",1440.9,2,neopok919
1149,16662592,"Vladislav Yushkevich","2026-08-09 14:54:24",1439.2,2,"crazyflyingsheep,vladislavyushkevich"
1150,16670214,"Louis @ tradeInsight.ai","2026-08-10 15:28:17",1438.4,2,louisquart
1151,16705390,"Subramanya N","2026-08-12 15:11:44",1437.9,2,subramanya1997
1152,16651672,"Xiaolei Lian","2026-08-08 10:23:39",1436.1,2,xiaoleilian
1153,16623812,"SeshuRaju 🧘‍♂️","2026-08-05 09:25:46",1434.8,2,seshurajup
1154,16677675,"Roman Mironov","2026-08-06 17:30:28",1431.9,1,helloromiro
1155,16670040,galaxyhunter,"2026-08-11 19:32:41",1430.2,2,pkharkwal
1156,16621716,harlen,"2026-08-06 08:04:24",1429.8,2,harlenka
1157,16668406,"VAP RF5","2026-08-05 14:41:12",1426.2,1,vaprf5
1158,16671017,"Pablo César Ruíz","2026-08-12 16:10:09",1424.0,2,pcruiher08
1159,16664239,VK_Kaggriculture..StartCompet,"2026-08-05 02:03:48",1421.4,1,venkatkumar001
1160,16663099,"Md. Abdullah Al Mamun","2026-08-05 02:16:43",1413.2,2,mamun18
1161,16632291,"alex chilton","2026-08-11 19:07:25",1407.6,2,alexchilton
1162,16665169,"Rahul Barakoti ITM","2026-08-07 10:58:30",1407.5,2,rahulbarakotiitm
1163,16691154,UnknownRobi,"2026-08-12 01:03:18",1406.6,2,canrobichaud
1164,16642579,"Desyat IO","2026-08-09 17:31:59",1405.4,2,desyatio
1165,16677597,InformaBook2,"2026-08-12 13:53:19",1405.2,2,informabook2
1166,16629972,"forever young","2026-08-07 00:48:31",1405.0,2,keisukeyokota0428
1167,16670807,mannogun,"2026-08-07 11:05:42",1404.7,2,arcanejumper
1168,16660555,"Nguyễn Nhật Thanh","2026-08-07 03:45:29",1401.4,2,nguynnhtthanhhhhh
1169,16709519,"p pxl16","2026-08-12 05:54:42",1401.3,2,ppxl16
1170,16674508,"Giulio Ravasio","2026-08-12 06:30:38",1399.0,2,giuliorav
1171,16676677,"Clark Stéphane","2026-08-07 18:58:45",1397.7,2,clarkstphane
1172,16652896,"R^2 negative","2026-08-04 23:14:38",1397.4,2,rktqwe
1173,16639236,"Dhavan Shah","2026-08-12 09:06:52",1391.9,2,dhavanshah99
1174,16690867,HowardLeeTW,"2026-08-08 12:07:17",1391.5,1,howardleetw
1175,16638909,mbscgi,"2026-08-04 22:48:03",1391.1,2,mbscgi
1176,16654832,mohit,"2026-08-07 00:01:08",1389.3,2,mohitvarred
1177,16672136,chupaletas,"2026-08-12 14:44:32",1388.9,2,urvesh
1178,16639280,"Faruk Çiftler","2026-08-09 11:27:46",1388.3,2,abdullahfaruk
1179,16674550,"Jebastin Nadar","2026-08-06 10:09:16",1384.3,2,samfc10
1180,16659000,xjlgg123,"2026-08-08 12:35:10",1383.3,2,xjlgg123
1181,16699246,"Labh Khatke","2026-08-12 07:20:05",1380.2,2,labhkhatke
1182,16679237,"Danilo Sepúlveda","2026-08-06 21:26:28",1377.2,1,daniloseplveda
1183,16634078,"yoho kumedayo","2026-08-08 14:07:13",1374.7,2,dorachinyastyle
1184,16664819,"SUBHASRI  S","2026-08-05 16:14:12",1372.6,2,subhasri2007
1185,16669400,"Martin Konôpka","2026-08-06 12:16:13",1371.9,2,rumburakk
1186,16680931,"Rattan Singh","2026-08-08 15:45:55",1371.4,2,rattans
1187,16669971,"Luka Philip","2026-08-08 16:09:32",1366.8,2,lukaphilip
1188,16677832,"Maryam Tahir","2026-08-07 06:36:16",1366.6,1,maryamtahir09
1189,16671292,Yuyajk,"2026-08-07 09:00:27",1364.5,2,yuyajk
1190,16675203,HK,"2026-08-06 11:38:05",1362.0,1,hizurukonishi
1191,16634426,"Ertuğrul Özer","2026-08-07 14:38:52",1360.8,2,ozertuu
1192,16667242,"Gleb Tumanov","2026-08-12 00:12:41",1359.8,2,crachton
1193,16654726,"James Mancillas","2026-08-07 15:46:12",1358.7,2,jamesmancillas
1194,16668157,"vineet dairashri","2026-08-12 09:02:13",1358.1,2,vineetdairashri
1195,16639230,Rylan,"2026-08-11 05:41:51",1357.0,2,"liuruihan333,wangxiaodundun"
1196,16630015,星之海,"2026-08-09 08:52:03",1355.1,2,web3cainiao
1197,16631016,木下陽平,"2026-08-06 14:52:20",1354.5,2,yoheikaggle
1198,16663591,"Joseph Franck","2026-08-12 16:42:46",1354.3,2,josephfranck
1199,16657942,"Gokul Prasath","2026-08-04 23:38:18",1354.1,2,beastgokul
1200,16699659,"Dimas Pasha Akrilian","2026-08-12 16:20:02",1353.4,2,dimaspashaakrilian
1201,16661304,"Jonathan Roy","2026-08-11 18:31:41",1353.3,2,jonathanroy7
1202,16622330,"hiroshi murakami","2026-08-06 10:29:43",1352.3,2,zabojeb
1203,16630729,https://how.rl.works/,"2026-08-10 10:29:32",1352.2,2,grennwolf
1204,16709214,"Ariel Suntasig","2026-08-12 04:03:13",1351.4,2,arielsuntasig2001
1205,16668668,"George Byne","2026-08-11 15:52:07",1351.0,2,georgebyne
1206,16621500,"Egor Tkachenko","2026-08-10 15:41:16",1350.3,2,egortkachenko
1207,16634128,ZechHuang,"2026-08-06 02:15:46",1349.9,2,zechhuang
1208,16630984,TakamaruEX,"2026-08-12 11:36:39",1349.8,2,takamaruex
1209,16659972,"Pelamovic ","2026-08-07 09:06:10",1348.5,2,pelamovic
1210,16675905,Amar,"2026-08-10 10:23:45",1347.4,4,"kumaramar,ronithjaju,shiveshcgatech,vidhishah115"
1211,16677240,"Jeevan Malla","2026-08-07 07:37:46",1345.7,2,jeevanmalla
1212,16677188,Nicooni,"2026-08-06 16:35:01",1345.0,1,nicooni
1213,16662940,"The Coder Geek Squad Leader","2026-08-05 20:06:54",1344.4,2,soulemaneisissifou
1214,16671407,JBro13,"2026-08-07 02:29:02",1344.2,2,jbro13
1215,16652631,"Panagiotis Anagnostou","2026-08-08 12:12:36",1342.9,2,panosanag
1216,16655828,ack07,"2026-08-06 04:52:07",1341.6,2,its07amit10
1217,16655353,"Pablo Montenegro","2026-08-09 02:13:47",1340.5,2,pablomontalb
1218,16642154,Burkina_team_mate,"2026-08-06 15:30:54",1340.2,2,"belemkalilou,tedjosegregorybere"
1219,16632250,"Mesut Gözdemir","2026-08-05 17:54:14",1339.6,2,gfkfu123
1220,16665753,"Mansour A. S. Ataa","2026-08-06 02:46:56",1335.4,2,profmansoor
1221,16664368,"Ujjwal Reddy","2026-08-10 19:43:26",1335.2,2,ujjwalreddyks
1222,16654153,"Mateus Cruz, Msc.","2026-08-03 17:44:02",1332.2,1,matteuscruz
1223,16652986,"Justin Kimlim","2026-08-10 11:47:24",1330.8,2,justinkimlim
1224,16635238,"Tai Tien Ta","2026-08-04 02:30:44",1328.8,2,tittin
1225,16630758,"Keshav Joshi","2026-08-12 11:36:13",1328.5,2,keshavjoshi22
1226,16674312,yuxuan,"2026-08-11 03:27:13",1328.3,2,yuxuan1221
1227,16663513,Pakistan,"2026-08-05 00:54:11",1328.0,2,"debayank2024,laveshjadon,laxmikantaroy,tarunraii"
1228,16632694,8ct10nz,"2026-08-04 12:02:49",1328.0,2,act10nz
1229,16669897,"Tahsan Ferdous","2026-08-05 18:54:11",1327.0,1,tahsanferdous
1230,16630142,zawawannko,"2026-08-05 03:16:49",1324.5,2,zawawannko
1231,16665058,"Llin Ding","2026-08-07 08:32:33",1322.7,2,llinding
1232,16663213,"Takahiro Someya","2026-08-10 22:03:09",1317.2,2,takahirosomeya
1233,16634952,"Igor Zharov","2026-08-12 16:28:57",1315.2,2,flexonafft
1234,16684470,"Soumi Ghosh","2026-08-11 10:59:07",1315.0,2,soumighosh911
1235,16656393,"Faris Abqari","2026-08-07 00:15:25",1312.2,2,farisabqari11
1236,16659958,brainpick,"2026-08-11 07:57:07",1310.3,2,prathvirajpalekar
1237,16680408,mochogo,"2026-08-07 05:42:33",1309.5,1,mochogo
1238,16664775,DoubleZs,"2026-08-06 02:55:02",1309.1,2,zhang051018
1239,16667547,"miaoqing long","2026-08-06 03:31:43",1307.6,2,miaoqinglong
1240,16686513,Vipul_Kumar75476,"2026-08-11 20:16:12",1307.0,2,vipulkumar75476
1241,16659555,"Joseph Adamski","2026-08-11 12:12:57",1306.8,2,josephadamski91
1242,16695556,"Prajwal Dongre","2026-08-12 08:53:42",1304.0,2,prajwaldongre
1243,16695555,S4K50M,"2026-08-12 14:39:41",1301.4,2,setiasaksham
1244,16622482,"Veniamin Nelin","2026-08-04 19:40:18",1300.8,2,veniaminnelin
1245,16623592,Jack,"2026-08-05 17:06:09",1300.0,2,jackvd
1246,16659045,Rai1,"2026-08-08 11:53:28",1298.1,2,rai2003
1247,16668039,NotEnoughTokens,"2026-08-06 13:04:52",1297.4,2,"adofai,jonghyun7777,taglink"
1248,16623603,"Renji Starfall","2026-08-05 16:43:52",1295.2,2,renjistarfall
1249,16623199,"Jesse Ferguson","2026-08-05 00:04:22",1295.0,2,jesseferguson
1250,16663214,"Mathieu W","2026-08-05 20:02:08",1293.5,2,mathieuw
1251,16654486,alijs,"2026-08-06 14:27:22",1292.9,2,alijs1
1252,16651332,"Le Viet","2026-08-05 13:14:39",1291.6,2,sleepyssr
1253,16664518,senxichong,"2026-08-05 06:30:13",1291.5,2,senxichong
1254,16658109,edward1503,"2026-08-05 02:25:43",1290.6,2,nguynnc
1255,16712121,"Hai Dang","2026-08-12 16:23:15",1289.2,2,haidang2405
1256,16659033,"Farzana Shaju","2026-08-05 07:18:29",1288.7,2,"farzanashaju,shaikhharisjamal"
1257,16702674,"Varun S G","2026-08-12 15:45:30",1286.7,2,warun7
1258,16655305,"Junior Sohou","2026-08-07 09:53:10",1286.1,2,juniorsohou
1259,16650701,"Oliver Wang","2026-08-03 16:17:36",1284.7,2,oliverwang15
1260,16633190,Gigrise,"2026-08-03 19:44:20",1281.9,2,gigrais
1261,16670765,"tensor choko","2026-08-05 23:03:23",1281.9,1,tensorchoko
1262,16664761,"Udit Jain #2","2026-08-05 04:19:59",1280.2,1,iamudit
1263,16642207,"Nerijus Areska","2026-08-04 00:01:32",1278.1,2,nerijusareska
1264,16672468,ComposeMage,"2026-08-11 16:13:52",1278.1,1,composemage
1265,16662496,KhalidKhan,"2026-08-05 05:31:07",1277.9,2,feedfeed
1266,16662872,"Artem Garbart","2026-08-05 09:41:29",1276.4,2,artyomgarbart
1267,16694399,"Sujith Kumar Sashikanth","2026-08-10 00:01:32",1274.9,2,sujithsashi
1268,16632055,Bugra0,"2026-08-03 22:44:42",1274.7,2,bugra0
1269,16699699,rudykane,"2026-08-11 16:06:34",1274.0,2,rudykane
1270,16682283,jwj1342,"2026-08-12 12:34:30",1269.0,2,"bpmf577,junzhejiao,jwj1342,liaodid,mrschang"
1271,16669810,CREART,"2026-08-08 05:32:29",1266.3,1,gustardust
1272,16652560,"Ahmed Samir","2026-08-03 12:15:01",1262.4,2,ahmedsamir1598
1273,16690923,"Maqsoud TAWALIOU","2026-08-12 06:10:33",1261.9,2,maqsoudtawaliou
1274,16664890,ideal_m99,"2026-08-06 00:00:33",1257.2,2,idealm99
1275,16621481,"zero waste","2026-08-09 08:46:18",1255.9,2,chinnaphatkhun
1276,16630964,LEEKANG,"2026-08-03 14:10:21",1254.7,2,poby7722
1277,16657032,"Ayaan Ghosh","2026-08-11 17:52:03",1254.4,2,ayan9001
1278,16693164,nuggettttt,"2026-08-09 02:14:22",1254.3,2,nuggettttt
1279,16631978,"batuhan kalem","2026-08-02 22:12:00",1253.2,2,batuhankalem
1280,16666468,"J Penman","2026-08-12 06:53:08",1252.4,2,jpenman
1281,16679861,Pandabueno,"2026-08-12 15:51:48",1251.8,2,ronaldomonzn
1282,16655712,"Smart Manoj","2026-08-04 01:55:13",1246.2,2,smartmanoj
1283,16655294,Mobzya,"2026-08-05 14:59:31",1245.0,2,mobzya
1284,16660385,"Jose Santiago Echevarria","2026-08-11 22:40:54",1244.7,2,jmsechevarria
1285,16654006,"Harish Dhanarajan","2026-08-03 17:23:50",1243.1,1,harishdhanarajan
1286,16664300,"swajay nandanwade","2026-08-05 04:57:10",1242.9,2,swajaynandanwade
1287,16650396,RaymondZhao0304,"2026-08-04 00:39:30",1241.6,2,raymondzhao0304
1288,16663899,"Abdelrahman Aboegela","2026-08-05 13:54:26",1238.5,2,abdelrahmanaboegela
1289,16635418,ocean240812,"2026-08-07 08:50:56",1234.8,2,ocean240812
1290,16637241,M4nd4l0r14n,"2026-08-04 11:53:31",1234.1,2,thiagobcunha
1291,16624600,ariacat,"2026-08-06 07:16:44",1231.2,2,ariacat
1292,16662896,"Adrian Dubois","2026-08-05 03:10:39",1231.0,1,adriandubois
1293,16664400,Boruiyang21,"2026-08-05 14:56:03",1230.6,2,boruiyang21
1294,16698045,"Vikhas S G","2026-08-12 04:51:27",1230.5,2,vikhassg
1295,16668060,"Spiros Skarmoutsos","2026-08-08 12:48:07",1230.4,2,spirosskarmoutsos
1296,16644861,"kanzaler ensemble","2026-08-11 14:30:36",1230.2,2,kanzalerensemble
1297,16661410,tmxdlr,"2026-08-05 12:40:54",1228.6,2,tmxdlr
1298,16663178,Sm00thiecodes,"2026-08-07 11:00:29",1226.6,2,sm00thiecodes
1299,16626462,mango,"2026-08-04 01:06:57",1224.5,2,mango789
1300,16668260,"Yangle Ma","2026-08-11 04:40:59",1223.9,2,yanglema
1301,16656503,"Thiago Munhoz da Nóbrega","2026-08-04 20:47:37",1221.8,2,thiagommtmn
1302,16639125,"Caio Coelho","2026-08-09 15:38:12",1220.2,2,caio41
1303,16655501,Savko,"2026-08-09 07:24:30",1219.3,2,savchenko
1304,16656170,"Chakrabhuana V  Deva","2026-08-05 06:54:50",1214.0,2,chakrabhuanavdeva
1305,16657094,irynavs,"2026-08-08 14:30:50",1212.3,2,irynavs
1306,16673682,MJ.LIU.T,"2026-08-06 08:14:05",1211.3,1,mjliut
1307,16654209,"Nirav Mehta 1612","2026-08-10 15:41:47",1208.7,2,niravmehta1612
1308,16660824,"Stitch Clarity","2026-08-04 15:27:53",1208.5,2,stevenanctil
1309,16636148,SanggeunParrk,"2026-08-05 04:04:32",1208.1,2,sanggeunparrk
1310,16664653,Adir,"2026-08-06 21:34:52",1207.9,2,adiradam
1311,16659883,"Ahmad Hfdx5","2026-08-05 03:33:48",1207.1,2,ahmadhfdx5
1312,16701897,"Alejandro Lavandeira Casais","2026-08-11 22:55:41",1206.8,2,alejandrolavandeira
1313,16662946,uzair,"2026-08-04 18:40:46",1205.8,2,quantumcurator
1314,16653982,"Arul Prasad S P","2026-08-05 09:07:12",1204.8,2,arulprasadsp
1315,16629699,radiant-allomancer,"2026-08-03 03:43:17",1201.8,2,radiantallomancer
1316,16634752,"Praise the SHOVEL","2026-08-03 16:16:28",1201.3,2,barnobarno
1317,16659217,Dynamic_fire07,"2026-08-05 18:51:51",1200.8,2,"dynamicfire07,tryingmybest123"
1318,16660250,Moshel,"2026-08-10 01:19:10",1200.8,2,moshel
1319,16667205,"Andrew Lee","2026-08-06 11:16:52",1199.7,1,andrewlee23023
1320,16639369,"Kyuhwan Cho","2026-08-06 02:56:08",1199.6,2,octoarden
1321,16658213,"Ahmet Abdullah Gültekin","2026-08-12 00:20:04",1199.6,2,abdullahgultekin
1322,16661019,lmq,"2026-08-04 14:47:23",1196.1,2,lmminhquang
1323,16665898,chengsongtao,"2026-08-12 16:30:45",1194.5,2,cheng618
1324,16666245,"Cagatay Morcicek","2026-08-11 17:02:36",1192.0,2,thisismylabs
1325,16662910,"shoryakumar mishra","2026-08-05 16:05:32",1190.3,2,shoryakumarmishra
1326,16660046,"Ikki Katsuyama","2026-08-07 06:07:42",1188.6,2,kacchanwriting
1327,16672247,"Movie Watch2022","2026-08-12 13:01:27",1188.4,2,moviewatch2022
1328,16662819,Feuorme,"2026-08-05 06:17:51",1187.2,2,feuorme
1329,16669282,sky233,"2026-08-06 17:06:04",1187.1,2,sky233
1330,16660041,"Hoàng Quốc Việt ","2026-08-05 15:12:14",1185.4,2,viethwang3i
1331,16661229,Gena,"2026-08-04 15:18:42",1184.7,2,gdonchyts
1332,16660376,"Ahmed Sedky 0100","2026-08-06 20:56:37",1181.7,1,ahmedsedky0100
1333,16625921,JinchengZhang1,"2026-08-09 03:45:30",1181.7,2,jinchengzhang1
1334,16657316,"Jason xu sk","2026-08-05 04:00:50",1181.7,2,jasonxusk
1335,16623691,KevlarZanderChi,"2026-08-04 08:58:58",1181.6,2,kevlarzanderchi
1336,16655534,"Charles Mills","2026-08-06 16:40:27",1180.6,2,charlesqmills
1337,16623540,TheDuck,"2026-08-03 23:46:14",1179.6,2,jaxroth
1338,16635067,"Berat Egemen Gök","2026-08-08 15:47:48",1178.2,2,berategemengk
1339,16665196,"Pratham Jain","2026-08-05 05:49:17",1177.4,1,kindasomethin
1340,16660819,nya654nya,"2026-08-07 04:47:33",1177.4,2,nya654nya
1341,16655530,AlivRick,"2026-08-05 16:18:54",1176.6,2,alivrick
1342,16661010,"Dante Dyches-Chandler","2026-08-05 04:36:09",1175.9,2,dantedycheschandler
1343,16655311,"Plant City Planter","2026-08-11 21:24:22",1175.8,2,michaellombard
1344,16635159,Abdulsamad,"2026-08-06 11:48:04",1174.5,2,abdulsamadjod1234
1345,16657077,_LT_zyc,"2026-08-05 01:01:42",1173.0,1,zyczyc
1346,16658616,"Amitesh Chaudhary","2026-08-11 10:04:02",1172.3,2,amiteshchaudhary
1347,16631261,Monster,"2026-08-04 15:46:32",1172.2,2,tmtngtrng
1348,16658777,"Jiarui (Jerry) Cao","2026-08-05 08:06:03",1172.1,2,jiaruicao7
1349,16659761,cheng-han,"2026-08-06 08:16:10",1169.7,2,neoshie
1350,16657395,"Uchechukwu Ajuzieogu","2026-08-04 08:04:14",1169.5,1,uchechukwuajuzieogu
1351,16650018,EiMengLove,"2026-08-05 10:27:31",1168.7,2,konicty
1352,16675452,Vladislav,"2026-08-12 13:58:35",1168.7,2,simmeringoverstep
1353,16664565,"Wayne Chou","2026-08-05 12:30:14",1167.3,2,ambientz
1354,16660853,"lxh unbound","2026-08-05 00:02:02",1166.3,2,lxhunbound
1355,16655187,cmxu,"2026-08-05 05:31:07",1165.4,2,cmxu77
1356,16655493,TheDigitalCK,"2026-08-07 12:31:58",1164.0,2,thedigitalck
1357,16664217,Shushantw,"2026-08-12 13:11:07",1159.5,2,shushantw
1358,16621163,johndeere,"2026-08-06 07:06:51",1159.2,2,jaejohn
1359,16623716,tetsuya,"2026-08-10 07:20:18",1158.1,2,tetsuya3510
1360,16621709,smlcr,"2026-08-04 19:35:19",1156.6,2,simulacri
1361,16623236,"Yonatan Nemtsov","2026-08-06 00:28:01",1156.2,2,yonatannemtsov
1362,16666242,"Lalwani Palash","2026-08-08 07:45:46",1155.7,2,lalwanipalash
1363,16659676,Light,"2026-08-05 03:07:39",1154.4,2,aadarshashrestha007
1364,16651402,"Mille Initiate","2026-08-06 08:41:14",1154.3,2,milleinitiate
1365,16658852,"Chhaya Awasthi","2026-08-04 09:37:05",1154.0,2,chhayaawasthi
1366,16656171,ishu,"2026-08-04 03:27:45",1151.8,2,ishhverma
1367,16658801,"Thuc Nguyen Dang 111","2026-08-06 09:42:04",1150.4,2,thucnguyendang111
1368,16654548,trynaCode,"2026-08-06 16:35:17",1144.3,2,siddarthnayak50
1369,16644390,"Manan Gupta","2026-08-05 17:08:32",1143.0,2,obirdy
1370,16678965,MrGS,"2026-08-09 01:18:09",1143.0,2,gabrielsderhll
1371,16628727,dominyellow,"2026-08-04 11:44:21",1141.9,2,dominyellow
1372,16632262,Milkomeda,"2026-08-03 05:09:15",1141.6,2,milkomeda74583
1373,16640388,SANNNNN,"2026-08-03 18:41:38",1141.1,2,zuhairsan
1374,16684954,"Suneeth reddy","2026-08-12 15:57:25",1139.9,2,suneethreddy
1375,16629983,Amundsen,"2026-08-05 06:51:46",1139.4,2,amundsen
1376,16656444,"christopher athans crow","2026-08-05 00:08:13",1139.4,2,cchrisaa
1377,16641710,yjshyfy,"2026-08-05 12:11:42",1139.1,2,yjshyfy
1378,16703300,"Fahd EL ANSARI","2026-08-12 16:30:06",1139.0,1,fahdelansari
1379,16666946,pwxc00,"2026-08-08 01:06:24",1138.5,2,alert04
1380,16658173,Tamizharuvi,"2026-08-11 03:14:32",1137.7,2,tamizh1
1381,16630752,motemen,"2026-08-06 00:37:30",1136.4,2,motemen
1382,16656308,"Srishanth Sriramula","2026-08-08 09:02:13",1135.6,2,srishanthsriramula
1383,16644774,lungjyuanz,"2026-08-07 01:03:20",1135.5,2,lungjyuanz
1384,16665133,"Abhishek Dubey","2026-08-10 13:28:57",1135.1,2,abhishekdubey911
1385,16664291,"William Dennis","2026-08-11 07:57:27",1133.5,2,williamdennis
1386,16655296,"peeta pit","2026-08-04 04:26:33",1133.1,2,peetapit
1387,16627023,"Noah Farr","2026-08-05 08:02:35",1132.3,2,noahfarr
1388,16653093,"willam wu","2026-08-03 15:03:01",1130.5,1,biaaib
1389,16639155,"Arturo Gutiérrez Aguilar","2026-08-04 16:08:19",1130.2,2,jarturo
1390,16641751,Hikari_30,"2026-08-03 04:54:23",1130.1,2,hikari30
1391,16655632,"Dmitry Kozlov","2026-08-04 03:24:59",1129.5,1,dkozlov
1392,16661376,"YERMES AMINE","2026-08-04 14:13:45",1129.5,1,yermes
1393,16623298,Mikhail_Komkin,"2026-08-02 20:14:28",1129.3,2,mikhailkomkin
1394,16632006,"Adwait Tagalpallewar","2026-08-03 16:29:09",1129.2,2,adwaittagalpallewar
1395,16634213,kkunizaw,"2026-08-03 20:47:58",1129.0,2,kkunizaw
1396,16657294,"Ragul M","2026-08-04 07:08:51",1128.6,2,ragul7002
1397,16659435,Zerabyte_X,"2026-08-04 09:52:16",1128.6,1,zerabytex
1398,16622760,yunus_bayram_kagle,"2026-08-04 07:49:00",1128.6,2,yunusbayramkagle
1399,16656296,Fususu,"2026-08-04 04:02:59",1128.3,1,phuongncn
1400,16666900,sooflee,"2026-08-12 14:19:50",1127.4,2,sooflee
1401,16656337,"Prashant Kikani","2026-08-04 04:03:37",1126.8,1,prashantkikani
1402,16655596,Bela,"2026-08-04 01:18:06",1126.8,1,istribaik
1403,16658562,mashBrian254,"2026-08-04 10:48:33",1125.7,2,mash1990
1404,16658261,"Manan Khanna","2026-08-04 07:41:27",1125.5,1,manankhanna0
1405,16676054,"Vladislav Konstantinov","2026-08-08 09:33:35",1124.0,2,vladkonstantinov
1406,16622939,"Kamal Das","2026-08-04 18:51:55",1121.3,2,kmldas
1407,16632097,PavelLiashkov,"2026-08-05 11:59:30",1120.0,2,bigbag1983
1408,16654715,"Aqib Raza","2026-08-03 19:37:30",1118.4,1,aqibrazadev
1409,16660318,"Aiman Al-Shalfi","2026-08-05 11:59:43",1118.0,2,aimanalshalfi
1410,16660152,LIH.YUN,"2026-08-04 14:11:44",1117.9,2,fxlcee
1411,16635679,WUHAOZHE618,"2026-08-12 08:35:58",1117.5,2,wuhaozhe618
1412,16652451,JackGong,"2026-08-03 11:32:11",1117.2,1,jackgong
1413,16622487,"Sam kramer_1028","2026-08-11 18:17:56",1116.1,2,samkramer1028
1414,16709501,Galaxantic,"2026-08-12 15:28:36",1115.7,2,neel21yt
1415,16665838,wenbodai,"2026-08-06 08:15:25",1115.2,2,wenbodai
1416,16657817,"rohith sai midigudla","2026-08-05 12:36:40",1113.9,2,rohithsaimidigudla
1417,16661670,sansm1,"2026-08-04 16:54:59",1113.5,2,sansm1
1418,16654669,"Jordi Corbilla","2026-08-10 07:58:01",1111.9,2,jordicorbilla
1419,16678346,"Farhan Abid","2026-08-10 19:31:25",1111.8,2,farhanabidtech786
1420,16624026,"Russell Kirk","2026-08-03 23:47:30",1111.3,2,russcore
1421,16632214,roomer,"2026-08-12 14:20:18",1110.8,2,"matsuphy,mqme526,yasunamiura"
1422,16637797,"Xiangchen Li","2026-08-04 09:47:59",1110.3,2,xiangchenli07
1423,16643095,ckyasb,"2026-08-05 14:39:42",1109.6,2,ckyasb
1424,16639570,"Vishesh Banna","2026-08-04 05:37:32",1108.5,1,visheshbanna
1425,16637519,Temprao,"2026-08-03 12:16:43",1107.7,1,maruimono928
1426,16678638,Loshtradz,"2026-08-12 04:27:40",1107.2,2,loshtradz
1427,16659920,vkhydras,"2026-08-05 20:02:15",1106.7,2,vickimar
1428,16665764,"izh yng","2026-08-06 13:02:07",1104.9,2,izhyng
1429,16632138,kaggle_bbgg,"2026-08-05 11:59:35",1104.0,2,kagglebbgg
1430,16660939,"Quenux Studio","2026-08-12 16:44:45",1102.5,2,dieguis1976
1431,16633096,anvai_agents,"2026-08-04 17:59:27",1099.2,2,"anandgaikwad7781,vaidehidhamnikar"
1432,16644185,"Mimic Mohsin","2026-08-02 18:38:46",1098.2,1,mimicmohsin
1433,16632240,Deepseek的恩情还不完,"2026-08-02 17:23:11",1097.8,2,"iwanys,pedianeko,realybin"
1434,16626093,"Pilkwang Kim","2026-08-11 07:10:54",1097.3,2,pilkwang
1435,16632686,strike,"2026-08-06 06:21:38",1096.2,2,nicolia
1436,16639241,"Alissa King","2026-08-04 05:05:30",1094.6,2,alissaking
1437,16651613,"Devin Zhou","2026-08-05 02:27:36",1094.5,2,devinzhou
1438,16663273,"Mason Frias","2026-08-06 22:57:08",1094.4,2,masonfrias
1439,16622835,"Max Manushin","2026-08-06 00:01:08",1092.4,2,innerf1re
1440,16663096,Agola_dasacic,"2026-08-04 20:07:50",1090.9,2,mnu303
1441,16644566,"Guangjian Dong","2026-08-02 23:59:18",1089.7,1,guangjiandong
1442,16630312,beijijun,"2026-08-02 23:48:32",1088.9,2,beijijun
1443,16652339,"Mohamed Amine Rebhi","2026-08-03 16:03:07",1088.8,2,mohamedaminerebhi
1444,16633808,mmath2,"2026-08-07 10:52:38",1087.6,2,mmath2
1445,16655335,Justus,"2026-08-09 09:34:18",1086.3,2,justus0
1446,16656496,"Vaibhav Gupta","2026-08-12 04:00:13",1083.9,2,vaihero
1447,16663614,Nevska,"2026-08-11 21:35:56",1082.8,2,nevska
1448,16672672,Koiiiiiopen,"2026-08-08 06:25:21",1082.0,2,koiiiiiopen
1449,16669227,"Tom Dufresne","2026-08-07 11:17:39",1081.4,2,tadufre
1450,16665399,"Shivam Shrivastava","2026-08-10 07:14:58",1081.4,2,shivamshrivastava180
1451,16666609,"visit palja.co","2026-08-12 07:01:30",1081.1,2,sselrats
1452,16623020,Muhandro,"2026-08-02 21:16:30",1080.6,2,muhandro
1453,16654946,AliLucky,"2026-08-05 15:07:59",1078.5,2,alilucky
1454,16655633,johnny,"2026-08-06 17:58:20",1077.7,2,jonykarki
1455,16644882,"SAMOILOV MIKHAIL","2026-08-03 02:10:04",1076.8,1,samoilovmikhail
1456,16625856,takai380,"2026-08-03 04:36:29",1076.5,2,takai380
1457,16640394,"MOHAMMADJAFAR ZAMANI","2026-08-12 11:18:31",1075.5,2,mohammadjafarzamani
1458,16640619,"Sơn Nguyễn","2026-08-05 13:42:53",1074.2,2,sonnguyen10
1459,16661532,"Fedor Baart","2026-08-05 12:34:21",1073.7,1,fedorbaart
1460,16687649,"Ahmed Berat Özer","2026-08-09 18:31:30",1073.2,2,ahmedberatozer
1461,16641489,suminshim,"2026-08-03 06:24:39",1072.0,2,suminshim
1462,16690050,PersistentLife,"2026-08-08 17:16:17",1069.6,2,persistentlife
1463,16639471,CaminoLSY,"2026-08-05 01:22:09",1069.5,2,lsy37521
1464,16625082,真的懒,"2026-08-03 09:47:50",1066.9,2,gtccc9
1465,16699091,Umkaaa,"2026-08-11 08:35:05",1065.8,2,umkaaa
1466,16686483,"all in kaggle","2026-08-12 15:03:51",1065.5,2,leonstew
1467,16680144,AM,"2026-08-12 16:45:26",1065.3,2,adammekky
1468,16655603,"Veeranuch Leelalai","2026-08-11 12:55:29",1065.3,2,veeranuchleelalai
1469,16651157,StupidXie,"2026-08-12 16:36:17",1063.3,2,stupidxie
1470,16670099,"Jon Snyder","2026-08-06 00:27:21",1062.4,2,snyderj1515
1471,16655396,Tesla1AC,"2026-08-08 08:18:09",1061.0,2,mathornton
1472,16654235,"Mwanza Wambua","2026-08-06 10:16:13",1059.1,2,mwanzawambua
1473,16663407,Denis,"2026-08-11 17:42:21",1056.2,2,matsiusheuski
1474,16624651,"Zihao Zeng","2026-08-03 00:46:30",1055.7,2,zihaozeng0021
1475,16651257,PursueML,"2026-08-03 09:34:56",1054.7,2,pursueml
1476,16633083,bsenst,"2026-08-07 12:38:47",1050.8,2,bnzn261029
1477,16677752,"Senya Ka","2026-08-08 19:16:00",1049.8,2,m1greatcool
1478,16680239,"Marinto Richee J","2026-08-12 08:21:02",1048.4,2,marintoricheej
1479,16700265,Reesav,"2026-08-10 14:15:06",1048.1,2,reez08
1480,16654271,"Sophie and Yanna","2026-08-11 12:16:11",1048.0,2,"morty3500,sophanie"
1481,16637987,Xander,"2026-08-12 15:49:33",1047.1,2,canqiang
1482,16625339,kazusw,"2026-08-12 08:06:16",1045.6,2,kazusw
1483,16633340,"Tim Zagrebelny","2026-08-03 08:53:09",1045.3,2,timzagrebelny
1484,16662904,Bharathms1902,"2026-08-08 11:41:54",1043.9,2,bharathms1902
1485,16629308,Sutee,"2026-08-09 17:07:39",1043.7,2,lszlst
1486,16622312,"Malak Reda","2026-08-03 09:02:41",1043.0,2,malak457
1487,16659996,Schwifty,"2026-08-11 19:36:46",1040.9,2,schwiftyc137
1488,16639473,"Jeff Borschowa","2026-08-02 00:39:11",1040.4,2,jeffborschowa
1489,16643319,Jules,"2026-08-02 16:31:37",1038.9,2,julesvanligtenberg
1490,16623389,"Mominul Islam Hemal","2026-08-02 11:23:03",1037.8,2,mominulislamhemal
1491,16651180,yangyefd,"2026-08-03 08:42:57",1037.7,1,yangyefd
1492,16698596,ymok,"2026-08-11 11:54:02",1036.4,1,iromao
1493,16689741,shinamonmon,"2026-08-08 19:20:46",1035.2,2,shinamonmon
1494,16669494,"Abdullah Razi","2026-08-12 16:17:56",1034.8,2,abdullahroninrazi
1495,16655588,"The Devil's World 678","2026-08-07 10:39:23",1034.6,2,thedevilsworld678
1496,16622937,"Sheep 🐑","2026-08-02 12:12:36",1034.5,2,kabilrh
1497,16634022,"Cihan Atak","2026-08-02 16:00:43",1029.9,2,cihanatak
1498,16702909,SG4265,"2026-08-12 08:18:19",1029.8,2,sg4265
1499,16635680,starclan,"2026-08-05 13:45:43",1029.6,2,starclan
1500,16624969,tf,"2026-08-02 14:13:48",1029.0,1,tfukuhara
1501,16676455,"Sarthak Sharma ","2026-08-12 08:22:08",1028.3,2,sarthaksharma14
1502,16661467,sh_sub97,"2026-08-12 15:20:25",1028.2,2,shsub97
1503,16658048,"Joel jaison 391","2026-08-05 02:31:57",1027.9,2,joeljaison391
1504,16698735,Larfii,"2026-08-12 11:53:44",1027.4,2,larfii
1505,16659565,Tekin24,"2026-08-09 22:14:57",1026.8,2,tekin24
1506,16630111,jannchie,"2026-08-04 19:09:17",1026.6,2,jannchie
1507,16622940,"Enrico Ambrosio","2026-08-06 19:56:30",1026.2,2,enricoambrosio
1508,16634650,UnfriendlyAI,"2026-08-04 03:50:36",1025.6,2,unfriendlyai
1509,16640811,cyberia,"2026-08-02 09:12:23",1024.6,1,cyberia
1510,16663187,"Teddy McBride","2026-08-07 03:59:53",1024.5,2,tedcr100
1511,16664128,"Michael Todd Overdorf","2026-08-10 06:10:09",1023.6,2,michaeltoddoverdorf
1512,16623448,HoJoonYun,"2026-08-09 13:43:43",1022.0,2,hojoonyun
1513,16667058,"Lê Quốc Duy","2026-08-08 01:03:08",1020.9,2,lqucduy
1514,16698538,"Haozhe Wang 2022","2026-08-12 12:36:41",1020.7,2,haozhewang2022
1515,16668633,peien5,"2026-08-06 14:44:47",1020.5,2,peien5
1516,16663078,"Isabella Wu","2026-08-04 19:36:20",1020.1,1,isabellawoo01
1517,16640877,Yorix.um,"2026-08-02 13:31:28",1019.3,1,yorixum
1518,16659715,masb,"2026-08-12 09:39:38",1018.8,2,affansaied
1519,16661353,mithi,"2026-08-11 20:04:07",1018.7,2,singhaleo
1520,16632788,"Bright O.H.","2026-08-10 05:40:01",1018.2,2,brightoh
1521,16651833,"Hồ Khánh Duy","2026-08-04 09:48:39",1017.8,2,hkhnhduy
1522,16678370,"Chenhao Wang","2026-08-07 06:37:46",1016.9,1,wangles
1523,16639567,YassY_The_AlchemYst,"2026-08-11 15:07:03",1015.6,2,yassineelhallaoui
1524,16621831,"Tsung-Yeh, Hsieh","2026-08-10 06:49:43",1015.5,2,"tsungyehhsieh,xinyuloong"
1525,16633133,"Hole Neckles","2026-08-02 10:32:28",1013.4,2,holeneckles
1526,16643692,Samsay24,"2026-08-02 17:22:45",1012.3,1,samsay23
1527,16657419,"Saivedant Hava","2026-08-05 06:36:39",1010.1,2,saivedanthava
1528,16693903,"Alief Randiansyah","2026-08-09 09:37:39",1008.8,1,"aliefrandiansyah,salsaaghnia"
1529,16632571,"nishchal jain","2026-08-03 07:27:14",1007.3,2,nishchaljainds
1530,16665293,"ADITYA BEECHA","2026-08-10 05:16:38",1006.5,2,bechaaditya
1531,16654419,kreiack,"2026-08-09 23:47:00",1005.6,2,kreiack
1532,16688884,"As Wasti","2026-08-11 19:37:56",1004.0,2,aswasti
1533,16623400,Less,"2026-08-02 01:32:24",1002.7,1,jiaoyouzhang
1534,16658569,"Danu A.","2026-08-05 13:12:09",1002.2,2,eu1234
1535,16623152,"Ibad Ur Rahman","2026-08-10 17:35:10",1001.8,2,ibadia
1536,16656941,"Winter Lamb","2026-08-09 12:31:49",1001.1,2,fabiansyahcahyo
1537,16649313,"Jiajun HAN","2026-08-12 14:57:09",1000.4,2,jiajun1
1538,16622367,mg,"2026-08-07 12:42:02",999.8,2,"egorkashpar,sashaboriskin,smooky"
1539,16664246,"Sida Zuo","2026-08-12 08:08:53",999.8,2,sidazuo
1540,16632536,"Aleksander Sachuk","2026-08-02 21:33:27",999.8,2,alexsssachuk
1541,16646360,"Asrith Singampalli","2026-08-03 08:46:59",999.2,2,asrithsingampalli
1542,16663444,Thomas,"2026-08-11 04:21:42",999.0,2,tartieret
1543,16696267,"yu lesui","2026-08-10 05:41:40",999.0,2,yulesui
1544,16623746,Juyong,"2026-08-11 00:26:15",998.4,2,kimdoong
1545,16672035,diet1236364,"2026-08-09 23:37:45",997.8,2,kosuke123
1546,16634036,"Emanuel Lázaro","2026-08-02 14:55:30",996.6,2,emanuellcs
1547,16654791,"Dev Rath","2026-08-12 12:40:35",995.8,2,devbratrath
1548,16656379,"Jay Gautam","2026-08-12 12:19:40",995.6,2,jaygautam007
1549,16704580,"Yunho Hwang","2026-08-12 09:58:21",995.1,2,yunhohwang
1550,16626217,"Stanislav Chistyakov","2026-08-05 18:52:47",994.9,2,chistyakov
1551,16622015,"Ioannis M","2026-08-06 08:12:21",994.0,2,imeintanis
1552,16688130,"Lujia Liang","2026-08-12 16:02:11",993.5,2,lujialiang123
1553,16664379,N_Matsumoto24,"2026-08-12 00:47:02",991.6,2,nmatsumoto24
1554,16674543,"Sujal Agarwal2301","2026-08-09 13:37:43",991.3,2,sujalagarwal2301
1555,16636105,"Md. Mehedi Hasan","2026-08-01 14:03:03",991.2,2,mehedi052
1556,16634876,MakiMakiAi,"2026-08-02 07:52:40",989.0,2,makimakiai
1557,16670424,"Josep Audenis","2026-08-11 17:52:07",987.9,2,josepaudenis
1558,16645705,wataru420,"2026-08-12 08:24:47",987.0,2,wataru420
1559,16623128,AdamJonesJohnson,"2026-08-01 14:14:03",985.6,2,adamjonesjohnson
1560,16663767,"Tommy Mancino","2026-08-09 04:08:25",984.0,2,tommymancino
1561,16670759,"Lemmes Yad","2026-08-09 04:37:37",983.7,2,"austinsemmel,jonallday"
1562,16671980,601918_กิตติพงศ์,"2026-08-08 08:28:12",982.4,2,bluexg5502
1563,16667516,Rosastella,"2026-08-05 16:00:48",981.2,2,rosastella
1564,16639330,"Dead Signal Works","2026-08-02 12:40:32",980.6,2,brooklynhalmstad
1565,16670020,nanare,"2026-08-08 18:35:16",979.7,2,nanaresudo
1566,16652984,hxaxd,"2026-08-05 15:09:49",977.8,2,hxaxdcs
1567,16680290,prospers,"2026-08-12 10:00:34",977.2,2,prospers
1568,16639719,JASONSLIMWONG,"2026-08-02 08:11:22",976.4,2,jasonslimwong
1569,16639973,akky,"2026-08-03 15:39:41",975.6,2,tellxxx
1570,16679987,"Said Mohamed Omary","2026-08-12 14:17:15",973.2,2,saidmohamedomary
1571,16688450,SpiralTip,"2026-08-12 12:34:46",970.8,2,spiraltip
1572,16668998,WarRusher,"2026-08-12 04:25:46",970.5,2,warrusher
1573,16666165,ChrisLeiteScha,"2026-08-11 22:07:03",969.4,2,chrisleitescha
1574,16677514,mayoristaNLP,"2026-08-09 16:33:23",968.9,2,mayoristanlp
1575,16666341,"Ege Güvener","2026-08-12 16:01:06",968.0,2,egegvener
1576,16709136,ryanocm,"2026-08-12 11:05:39",967.5,2,ryanong
1577,16637489,"Gopal Krishna Gundumalla","2026-08-02 12:39:17",967.2,2,gopalkrishnag
1578,16635177,Zacchaeus,"2026-08-07 07:04:15",964.2,2,zacchaeus
1579,16671738,Exposed,"2026-08-07 22:18:44",963.9,2,erickeller2
1580,16633850,Pascal,"2026-08-11 05:01:16",962.8,2,pascalledesma
1581,16678666,"Rudranarayan Pradhan","2026-08-09 12:28:32",962.7,2,itzrnp
1582,16663678,"Fabiano Adelino","2026-08-12 15:51:00",960.4,2,fabianoadelino
1583,16638551,SC,"2026-08-01 17:02:17",960.1,1,ryosketchbook2007
1584,16635049,rooklift,"2026-08-09 21:56:39",960.0,2,rooklift
1585,16688429,"Omrani Rabah","2026-08-11 22:19:21",959.7,2,omranirabah
1586,16668923,"duy tran","2026-08-10 18:38:49",959.5,2,duytran23
1587,16665816,Vikas1306,"2026-08-10 05:53:19",959.0,2,vikas1306
1588,16708369,JairSanchez151270,"2026-08-11 16:30:55",958.2,2,jairsanchez151270
1589,16623616,nasubiman,"2026-08-01 16:20:44",956.3,2,yousukenakamura
1590,16641068,"Rahul Ray","2026-08-05 14:27:07",955.8,2,rahulray5
1591,16663933,AnshV1,"2026-08-06 03:03:35",955.5,2,anshv1
1592,16674532,"shoaib khan","2026-08-08 01:57:11",954.2,2,manifoldinfo
1593,16644221,"Guzha Panashe H","2026-08-05 16:55:21",954.1,2,guzhapanasheh
1594,16626732,islet,"2026-08-09 08:38:25",954.0,2,kojimar
1595,16634172,"Mario Cicala","2026-08-02 11:01:58",953.8,2,mariocicala
1596,16659749,"Kavsik YVS","2026-08-08 09:33:44",953.4,2,kavsiku0512
1597,16668123,B0RN2BL0W0UT,"2026-08-08 19:10:45",953.1,2,kadenmansur
1598,16664103,izack2666,"2026-08-07 14:41:10",952.8,2,izack2666
1599,16667762,KucingGanteng,"2026-08-11 05:42:41",951.5,2,dhiyaussalam
1600,16639810,gytdrop,"2026-08-12 03:55:22",951.0,2,"kartikeyrajbhar,shaikaktharali"
1601,16670365,"Konstantin Alekseev","2026-08-10 10:58:09",950.0,2,alekskst
1602,16694269,Aftxb,"2026-08-11 14:58:08",949.6,2,aftxb07
1603,16674447,"Nathan Thor","2026-08-11 15:09:57",947.6,2,devofpie
1604,16637340,the_vinci_coder,"2026-08-03 16:27:16",946.6,2,lokijt
1605,16669466,"vuppuluri sriramsubhash","2026-08-06 08:42:50",946.6,2,vuppulurisriram
1606,16706185,"Bab Kek","2026-08-12 07:37:01",945.4,2,babkek
1607,16655062,KKS,"2026-08-08 07:36:03",943.7,2,sachisgod
1608,16668868,tawashi,"2026-08-11 23:36:36",943.7,2,tawashi
1609,16642662,CdeTilly,"2026-08-08 08:26:37",942.2,2,cdetilly
1610,16656659,"James Y","2026-08-12 16:18:44",941.6,2,redoctopusk
1611,16628295,qwertykeypadapple,"2026-08-07 01:36:12",940.5,2,qwertykeypadapple
1612,16696738,rekhasri,"2026-08-12 10:42:55",940.2,2,rekhasri
1613,16667880,BONPU👨‍🌾,"2026-08-12 04:59:48",939.3,2,"shin9915,syamoji141chan"
1614,16692569,"Mark Kirwan","2026-08-10 20:32:44",939.1,2,markkirwan1990
1615,16701685,shawloong,"2026-08-12 09:04:39",937.9,2,shawloong
1616,16697411,"Kévyn ODJO","2026-08-12 14:17:11",937.6,2,kvynodjo
1617,16709967,Matsu,"2026-08-12 03:35:07",937.1,2,matsuzawahayato
1618,16663343,"Abdullah M. Haque","2026-08-12 07:01:40",936.9,2,abdullahmhaque
1619,16660548,"Viraj Bakshi","2026-08-08 18:50:11",933.3,2,virajbakshi
1620,16711752,"Atakan Aldemir","2026-08-12 13:42:25",933.2,2,atakanaldemir
1621,16692350,"Emerson Suarez","2026-08-09 04:06:37",933.0,2,jericksystem32
1622,16635818,F.A.Nina,"2026-08-01 11:22:17",932.3,1,nina2025
1623,16688929,"Kangqiao LIU","2026-08-12 08:16:08",931.2,2,kangqiaoliu
1624,16623645,"ayutin tin","2026-08-09 12:27:39",930.7,2,ayutintin
1625,16666391,"Harshpreet Singh","2026-08-06 10:32:51",930.5,2,harshpreet931
1626,16691038,"Hoon C","2026-08-12 00:22:56",930.4,2,hoonchoonc
1627,16676114,Gekkotron,"2026-08-11 21:32:30",930.2,2,gekkotron
1628,16688587,yamashu,"2026-08-11 07:23:26",930.0,2,yamashuuu
1629,16657095,"Prashant Kumar","2026-08-12 08:03:32",928.9,2,praskr
1630,16697689,"Pavel Pakhmutov","2026-08-12 10:32:07",928.3,2,pavelpakhmutov
1631,16668021,"bali rasem","2026-08-07 16:15:13",927.0,2,balirasem
1632,16639550,"HIDEYO CHIBA","2026-08-12 04:56:46",926.5,2,hideyochiba
1633,16654743,"Jaume Batlle i Ferrer","2026-08-12 16:30:22",926.4,2,jaumebatlleiferrer
1634,16668168,"Ashutosh Ghodasara","2026-08-10 12:23:21",926.1,2,"asce09,attiraina,hashlord"
1635,16684710,"Pratik Singh","2026-08-11 11:34:48",925.5,2,pratikks11
1636,16632426,Santhana,"2026-08-11 08:48:28",925.0,2,santhanalekshmic
1637,16655578,"Ahmed Merie","2026-08-12 10:56:32",924.7,2,aa7767
1638,16662486,"KOTHAPALLI DILEEP","2026-08-10 12:06:14",923.9,2,kothapallidileep
1639,16664149,"Bushel Seed","2026-08-12 16:03:06",923.4,2,"dmyung,nicholasmschwartz"
1640,16636725,shichi,"2026-08-11 12:47:35",921.5,2,shichi
1641,16664360,"Rohan L","2026-08-11 14:45:12",920.3,2,rohanlopes
1642,16665301,EricYang03,"2026-08-11 10:52:43",920.2,2,ericyang03
1643,16688868,AlbanMaurel7,"2026-08-12 15:14:22",919.7,2,albanmaurel7
1644,16705345,"DEMON JI","2026-08-11 10:55:31",918.8,2,demonji04
1645,16697266,"Fahan Kaudeer","2026-08-11 20:34:07",918.7,2,fahankaudeer
1646,16665120,nobody,"2026-08-11 06:33:48",917.9,2,rajesh1729
1647,16667874,Vidushiii,"2026-08-10 12:25:42",917.8,2,vidushianand09
1648,16638667,"Sarvesh Nikas","2026-08-05 11:44:45",917.8,2,sarveshnikas
1649,16658272,"Yash Katiyar","2026-08-08 20:17:05",917.4,2,yashkatiyar409
1650,16666452,"victor souza","2026-08-09 17:07:51",917.3,2,victorcaio
1651,16662050,HandsOffMyBigMelons,"2026-08-10 09:03:55",916.4,2,scrattle
1652,16699722,Dicere,"2026-08-10 19:37:15",916.1,2,thedark735
1653,16663681,"Petar Knezevic","2026-08-12 14:10:17",915.5,2,petarknezevic1
1654,16664241,payoon,"2026-08-07 08:24:05",915.5,2,payoon1234
1655,16656274,googunmo,"2026-08-08 01:13:58",915.2,2,googunmo
1656,16679295,Mk26,"2026-08-08 16:14:21",912.5,2,"manishk26,mans31"
1657,16694779,JacobKooi,"2026-08-10 09:16:35",912.5,2,jacobkooi
1658,16631090,yoikoarmor,"2026-08-09 07:01:44",911.8,2,yoikoarmor
1659,16635668,"Mirza Yasir Abdullah Baig","2026-08-01 10:46:16",910.7,1,myab07
1660,16658227,Gugu888,"2026-08-11 04:41:05",910.4,2,gugu888
1661,16691481,"Aditi Salvi","2026-08-11 09:22:59",910.0,2,aditisalvi04
1662,16660988,"AI After Hours","2026-08-12 12:34:30",908.7,2,"akshaythammana,mmehersaipreetam"
1663,16655142,"Stanislav Kuznetsov","2026-08-11 18:20:52",908.3,2,drtduck
1664,16663356,Farm-ops,"2026-08-06 23:27:37",907.6,2,"dakotavannauker,tsho01"
1665,16653122,Wei_Chance,"2026-08-12 12:29:12",907.5,2,bystanderq
1666,16708189,Facouse,"2026-08-11 16:09:17",907.1,2,facouse
1667,16687883,CherylStoned,"2026-08-11 22:53:28",906.9,2,cherylstoned
1668,16684957,"Lucas Ferreira","2026-08-11 18:20:43",906.7,2,lucasdeoferreira
1669,16665984,hepialidae,"2026-08-10 16:05:19",904.8,2,hepialidae
1670,16675475,"Andrey Aristov","2026-08-10 22:02:24",904.7,2,andreyaristov
1671,16670453,141,"2026-08-12 11:53:46",903.8,2,"muhammadmustafaxo,siddiqshah"
1672,16696561,"Ali Ramazanov","2026-08-12 11:39:06",903.6,2,aliramazanov
1673,16654707,ManasviSharma,"2026-08-11 19:18:45",902.9,2,manasvi821
1674,16659465,AravindLochan,"2026-08-11 09:58:01",900.9,2,aravindlochan
1675,16631573,uesi,"2026-08-01 12:04:04",900.8,1,uemura687
1676,16655381,"Varshith K","2026-08-12 08:11:08",900.8,2,var3604
1677,16630741,mrk,"2026-08-05 09:49:44",898.5,2,matsubaratakuji
1678,16634824,yuki16,"2026-08-01 06:41:38",898.2,1,yuki16
1679,16659174,Soulwood,"2026-08-12 03:19:57",897.9,2,soulwood
1680,16630519,"Mehmet Özer","2026-08-01 16:51:55",895.2,2,ozermehmet
1681,16664828,Leon,"2026-08-09 09:00:09",894.0,2,leonmyl
1682,16635872,"Evgeniya Dmitrieva","2026-08-01 11:48:30",893.3,1,evgeniyadm
1683,16665134,edteoh,"2026-08-12 15:49:44",890.3,2,edteoh
1684,16633175,"Umut Kıvanç Sipahioğlu","2026-08-04 15:51:56",889.9,2,umutkvansipahiolu
1685,16703099,GansPiro,"2026-08-12 15:50:54",889.9,2,ganspiro
1686,16673346,gabrielep09,"2026-08-11 01:52:41",889.8,2,gabrielep09
1687,16668357,"B.Pardha Manoj Reddy","2026-08-11 17:25:44",889.0,2,pardhamanojreddy
1688,16637898,"Marek Nurzynski","2026-08-01 16:06:46",888.5,1,marek3000
1689,16664219,JosephGuhlin,"2026-08-10 08:46:16",888.0,2,jguhlin
1690,16692954,"Adam Nhan","2026-08-12 16:12:35",887.9,2,asnhan
1691,16623886,onepunch999,"2026-08-01 07:30:37",887.9,2,onepunch999
1692,16663851,"Harshith revuru","2026-08-10 19:02:58",886.7,2,harshithrevuru
1693,16673583,"Priyanshu Jha","2026-08-12 11:44:02",886.5,2,codewithjha
1694,16657610,"H Bharath","2026-08-09 19:10:38",886.4,2,hbharath
1695,16663784,Aniketh2k7,"2026-08-10 06:02:02",886.1,2,aniketh2k7
1696,16635004,"jacob OKOTH O","2026-08-02 05:57:05",886.1,1,jacobokotho
1697,16655340,LGarcia10,"2026-08-11 21:12:20",884.7,2,leonardogarcia10
1698,16698366,Fateyongheng,"2026-08-12 10:09:41",884.2,2,fateyongheng
1699,16697249,"Sudharsana Rajasekaran","2026-08-11 16:29:40",883.6,2,sudhan03
1700,16664205,"shr Wei","2026-08-12 02:09:40",883.5,2,shrwei
1701,16666204,"David Nana Kofi Ofosu-Arko","2026-08-05 11:04:42",883.4,2,davidnanak
1702,16632950,"Adil Khabibullin","2026-08-04 15:54:11",882.9,2,adilkhabibullin
1703,16658452,"The Croptimiser","2026-08-06 05:07:52",882.6,1,driessmit1
1704,16627906,"Tergel Munkhbat","2026-08-07 09:29:02",882.3,2,tergelmunkhbat
1705,16623555,yindujuxi,"2026-08-01 10:11:35",881.0,2,yindujuxi123
1706,16632224,yamakawanin,"2026-08-01 07:02:58",881.0,2,yamakawanin
1707,16663361,protoLabs.studio,"2026-08-06 18:39:50",880.6,2,protolabsstudio
1708,16655210,Amon,"2026-08-12 02:09:09",880.4,2,kingaemon
1709,16636454,epigene,"2026-08-02 10:14:52",880.0,2,nadhu59648
1710,16654542,JayveerSingh6,"2026-08-10 08:58:10",879.8,2,jayveersingh6
1711,16670420,"Mihir Argulkar","2026-08-07 20:03:15",879.5,2,mihirargulkar
1712,16664249,"Rohan Jain","2026-08-08 04:03:29",878.8,2,rohanjain2312
1713,16669561,"Nikunj Pahwa","2026-08-12 10:42:26",878.6,2,nikunjpahwa
1714,16634493,xixi,"2026-08-01 09:51:45",877.8,2,huangcarry26
1715,16668720,"etienne duplessix","2026-08-10 22:48:53",875.6,2,etienneduplessix
1716,16663403,"Matthew Huang","2026-08-12 00:04:24",875.2,2,matthewwh
1717,16650160,nori8774,"2026-08-10 06:26:21",874.5,2,norimasayamamoto
1718,16633923,JackyFan123,"2026-08-01 15:22:04",874.2,2,jackyfan123
1719,16657904,xfhdh1,"2026-08-08 16:06:45",873.5,2,xfhdh1
1720,16679848,Nikola010,"2026-08-09 02:38:02",873.2,2,nikola010
1721,16657397,"QSS Technosoft AI Team","2026-08-05 07:47:00",873.0,2,"kunalthedev,nishantkumarabes,prathamydvv,prishagdev,shreyakchakraborty"
1722,16676308,DC,"2026-08-12 15:59:11",872.5,2,choudahchiun
1723,16633928,ghostiee11,"2026-08-01 01:33:25",872.5,1,ghostiee11
1724,16623390,"KodamaSec Labs LTD","2026-08-12 16:08:11",872.5,2,dfhgfdghfdhg
1725,16707303,meTeam,"2026-08-11 22:34:26",872.4,2,aaronzribi
1726,16664024,"Juan David Bolanos","2026-08-11 12:05:57",872.0,2,juandavidbolanos
1727,16656948,"alexander kern","2026-08-11 19:39:38",871.7,2,alexanderkern
1728,16665342,Prothos,"2026-08-11 10:23:22",871.6,2,vjuenemann
1729,16707639,Fujinawa,"2026-08-12 10:09:26",871.5,2,wasshoiwasshoi
1730,16661585,"Fully Liquidated","2026-08-12 16:26:56",870.8,2,kriskilgroe
1731,16662375,"Yunusa Hussein Adeiza","2026-08-10 03:57:13",870.5,2,yunusahusseinadeiza
1732,16671659,Jiang,"2026-08-12 15:49:09",870.3,2,jncq2006
1733,16639492,"Vishnu R Mohan","2026-08-08 20:36:19",869.9,2,vishnurmohan
1734,16655195,Pirhosseinlou,"2026-08-12 01:02:05",869.7,2,pirhosseinlou
1735,16679887,ScriptRed,"2026-08-09 00:36:30",869.6,2,scriptred
1736,16658602,aldoktvns,"2026-08-04 15:51:08",868.5,2,alrette
1737,16624277,"D S S Kumar","2026-08-10 03:22:55",867.8,2,satrusskumar
1738,16660805,"Ramon van Dijk","2026-08-05 05:48:21",867.6,2,ramonvandijk
1739,16662653,"Jordan Schaeffer","2026-08-12 15:29:36",867.1,2,jordanmschaeffer
1740,16698281,Neural,"2026-08-12 16:12:57",865.4,2,kevinkoza
1741,16634582,"Tarun Chaudhary","2026-08-12 06:36:33",865.2,2,tarunchdev
1742,16635796,MugaBros,"2026-08-04 05:27:02",864.3,2,"drrocktotpalkonwarh,monjyotid"
1743,16664154,dwdwdwsdedwd,"2026-08-11 06:29:24",864.2,2,dwdwdwsdedwd
1744,16661772,R3ddrag0n,"2026-08-12 11:06:33",863.4,2,r3ddrag0n
1745,16680342,Game_khó_vkl,"2026-08-11 23:21:18",862.5,2,maruusha
1746,16654463,Mark,"2026-08-12 15:39:02",861.6,2,robotmf
1747,16660310,KOLONEX.NET,"2026-08-10 12:40:46",861.0,2,danielandresmiranda
1748,16656013,Asuran,"2026-08-11 07:36:30",860.7,2,zkasuran
1749,16655013,"Adrian Martinez 1111","2026-08-12 00:52:14",860.6,2,adrianmartinez1111
1750,16658043,"Tran Huy Hoang1312","2026-08-05 01:58:39",860.2,2,tranhuyhoang1312
1751,16654456,"Tristan Peng","2026-08-09 17:00:48",860.2,2,tristanpeng
1752,16633269,op_star_platinum,"2026-08-09 17:52:52",860.1,2,opstarplatinum
1753,16677774,"Abdulatif Mahgoub","2026-08-08 21:23:45",860.1,2,abdulatifmahgoub
1754,16655744,"Ademola Arigbabuwo","2026-08-11 00:30:09",859.7,2,princedemo
1755,16686787,"Lars Kammeijer","2026-08-07 21:31:11",859.1,2,larskammeijer
1756,16631215,"Hira Norm","2026-08-08 07:32:06",858.1,2,hiranorm
1757,16631353,"Shivam Shinde","2026-08-01 15:29:24",858.1,2,shindeshivam
1758,16621802,fgwiebfaoish,"2026-08-12 10:08:14",856.8,2,fgwiebfaoish
1759,16674324,"luca fregona","2026-08-08 13:37:49",856.5,2,lucafregona
1760,16698294,"John Doe","2026-08-12 13:01:53",856.2,2,johndoe90843
1761,16675888,"Rob Gonzalez","2026-08-08 14:58:43",855.7,2,robg475
1762,16630559,khan,"2026-08-02 12:18:56",854.9,2,khansolov
1763,16693549,別班,"2026-08-12 11:21:13",853.7,2,"kusurizuke,pepushi,tomokiaki"
1764,16662633,"Shekhar Suman","2026-08-11 14:02:36",851.9,2,shekharvc
1765,16655128,"Somasundar V","2026-08-11 06:39:03",851.5,2,somasundarv
1766,16666195,"Yihan Guo","2026-08-12 10:33:50",850.9,2,yihanguo
1767,16663626,"yvn kaggriculture","2026-08-12 11:36:53",850.7,4,"garnikdavtyan,mikayelgr"
1768,16656501,"Thái Phạm Công","2026-08-05 03:59:47",850.4,2,thaipc
1769,16642846,"Leonid Zaporozhets","2026-08-02 20:03:13",850.1,2,leonidzaporozhets
1770,16697461,Agricroporation,"2026-08-11 09:52:22",849.8,2,"algionightly,kroissant7,officialabhinavsingh"
1771,16673477,ArtFix,"2026-08-11 00:51:09",848.6,2,artfix
1772,16648215,"Terrence Chuwe","2026-08-03 13:32:15",847.9,2,terrencechuwe
1773,16661943,"Cow Wizard","2026-08-11 17:09:23",847.5,2,cowwizard321
1774,16656162,Marisyn,"2026-08-06 11:13:09",847.2,1,marisyn
1775,16670371,rkd,"2026-08-10 06:49:00",846.2,2,ryookd
1776,16660477,SeaGoat,"2026-08-12 01:17:06",845.3,2,vbandaru
1777,16633772,ayuma,"2026-08-03 06:01:01",844.7,2,onthoze
1778,16685069,derek_kuang0213,"2026-08-12 05:06:45",844.6,2,derekkuang0213
1779,16628951,"Hiro Nomo","2026-08-10 08:47:25",844.5,2,morinokuma3
1780,16675960,"Audric LOKO","2026-08-12 09:13:10",843.9,2,audricloko
1781,16677701,"Coşkun Bağrıaçık","2026-08-10 00:02:25",843.8,2,cbagriacik
1782,16635670,"Mr.S hanakosan","2026-08-09 00:31:34",843.0,2,earlgreytea15
1783,16655339,harmo-miu,"2026-08-12 13:53:28",840.7,2,harmomiu
1784,16702270,"Jonas Jaku","2026-08-12 09:44:36",839.3,2,jonasjaku
1785,16656514,"A Poor Vul","2026-08-11 01:26:40",838.2,2,praveensahukari
1786,16622934,"Ümit Anık","2026-08-11 21:36:14",838.2,2,mitank
1787,16660491,"Ryan Hancock","2026-08-08 09:56:54",837.9,2,rychanfox
1788,16664457,yaohongfu,"2026-08-10 12:30:43",837.8,2,yhfwww
1789,16662128,BenPalmer59,"2026-08-11 19:16:24",836.9,2,benpalmer59
1790,16654855,"Pedro Rezende Gomes","2026-08-06 00:41:30",836.7,2,pedrorzgomes
1791,16665395,"bachi idriss","2026-08-10 15:23:30",836.5,2,bachiidriss
1792,16695615,Celinao,"2026-08-12 16:41:31",835.9,2,celinao
1793,16658224,"Daniel Gallardo Gómez","2026-08-07 08:17:24",835.9,2,danielgallardogmez
1794,16658252,"Krishnan CS","2026-08-11 12:10:24",834.8,2,krishnanchathadi
1795,16685938,"Gautier Fauchart","2026-08-12 05:57:21",834.2,2,gautierfauchart
1796,16698034,Anatoliy_Fomin,"2026-08-12 12:57:18",833.8,2,anatoliyfomin
1797,16694064,RRK0123,"2026-08-12 16:05:33",833.3,2,rrk0123
1798,16657570,"Guruprasad Parasnis","2026-08-10 12:04:57",833.0,2,guruprasadparasnis
1799,16640816,pawaraman,"2026-08-02 19:46:52",832.9,2,pawaraman
1800,16668269,"Rashi Jain07","2026-08-05 17:46:37",832.9,1,rashijain07
1801,16664112,"Ethan Hung","2026-08-08 21:44:57",832.6,2,chinesegorilla99
1802,16667959,"Fei Wang","2026-08-08 15:24:45",832.6,2,flynnfei
1803,16664159,"james nazareth","2026-08-10 18:34:07",832.0,1,jamesnazareth
1804,16645297,Mark_RowSet,"2026-08-09 05:25:39",831.6,2,markrowset
1805,16665942,"Satvik R Shetty","2026-08-09 03:59:52",831.4,2,satvikrshetty
1806,16664804,ryanovovo,"2026-08-05 18:02:38",830.8,2,ryanovovo
1807,16692857,AbeLincoln1865,"2026-08-11 00:10:16",830.7,2,abelincoln1865
1808,16623697,yuto083,"2026-08-04 07:21:50",830.6,2,yuto0712
1809,16697185,"Prince Special","2026-08-12 16:32:38",829.2,2,temitayogbolahan
1810,16623644,Accer_sz,"2026-08-02 00:27:32",828.5,2,accersz
1811,16711376,"Arman Tuganbaev","2026-08-12 14:28:18",827.9,2,armantuganbaev
1812,16686715,"Adrien Secondaire","2026-08-08 15:54:58",827.6,2,adriensecondaire
1813,16665517,"RUEI-HSIANG. CHANG","2026-08-06 11:41:59",827.5,2,rueihsiangchang
1814,16691580,"Toni Blanco","2026-08-11 13:10:45",827.4,2,toniblanco
1815,16664760,SN,"2026-08-10 10:48:44",827.2,2,spirosnianiaras
1816,16660600,"Beria Kalpelbe","2026-08-07 13:46:47",825.6,2,beriakalpelbe
1817,16664348,"Rocket Zech","2026-08-12 07:06:39",825.5,2,isaactunglaw
1818,16654752,Agrofitting,"2026-08-11 05:33:24",823.5,2,"evvfebruary,vinch97"
1819,16664884,Abhijeetgg,"2026-08-12 08:53:50",823.1,2,abhijeetgg
1820,16658185,"Juwon Kweon","2026-08-12 15:31:38",822.9,2,juwonkwon
1821,16658660,"Leo Lai","2026-08-12 02:10:33",822.7,2,junweilai
1822,16670834,romin_123,"2026-08-11 03:13:47",822.2,2,romin123
1823,16695822,"Ahmad Elawady","2026-08-12 08:44:19",822.0,2,aielawady
1824,16679079,"cedric stephan ","2026-08-12 15:14:52",821.1,2,cedricstephan
1825,16662213,"Yang Zong-Yu phD","2026-08-12 09:58:15",820.8,2,yangzongyuphd
1826,16633886,mudesteven,"2026-08-12 16:44:29",819.3,2,fastlight2007
1827,16667994,"Zhian Wei","2026-08-11 13:35:21",819.2,2,zh1anwe1
1828,16692994,turneja,"2026-08-08 23:50:13",818.6,2,turneja
1829,16678609,quantcrypto3,"2026-08-11 18:07:57",818.6,2,quantcrypto3
1830,16656460,dlutwzh,"2026-08-08 06:48:33",818.0,2,dlutwzh
1831,16658365,"Hoo Woo","2026-08-12 13:17:48",817.4,2,hoowoo
1832,16667258,"Firman Imam","2026-08-09 02:36:56",817.0,2,piririp
1833,16658655,HbjaHbja,"2026-08-12 12:18:51",816.6,2,hbjahbja
1834,16655423,"Roland Luethy","2026-08-11 17:48:00",815.8,2,rluethy
1835,16664003,"Nakul Rajpal","2026-08-05 06:29:24",815.6,2,nakulrajpal
1836,16654076,"Son Pham","2026-08-12 16:42:47",815.2,2,sonphamorg
1837,16623480,xmaster6y,"2026-08-09 10:30:01",814.9,2,xmaster6y
1838,16651593,"huanxian chen","2026-08-11 11:13:05",814.6,2,huanxiachen
1839,16706456,"Michael van Mill","2026-08-12 09:58:40",814.3,2,michaelvanmill
1840,16622993,"Yaroslav Tanko","2026-08-10 21:28:46",813.5,2,yaroslavtanko
1841,16671421,"Gryffin Wang","2026-08-08 23:08:40",811.7,2,gryffindoraf
1842,16672493,ChloeeeeY,"2026-08-12 09:45:23",811.7,2,chloeeeey
1843,16624888,okome_niigata,"2026-08-06 06:47:17",811.4,2,okomeniigata
1844,16659093,YangGod,"2026-08-07 11:26:35",810.2,2,yanggod
1845,16655199,"Alexander Ulrich","2026-08-11 23:11:16",810.1,2,alexanderulrich01
1846,16660345,"Aadhithya Ramesh","2026-08-06 08:49:10",809.1,2,aadhithyaramesh
1847,16657172,Honkazu,"2026-08-11 07:19:33",808.4,2,janposlusny
1848,16663656,АндрійКавецький,"2026-08-12 16:20:24",808.2,2,andriykavetsky
1849,16665042,Neo_0x3f,"2026-08-10 21:36:56",807.9,2,neo0x3f
1850,16668056,"Quantum Farm","2026-08-11 11:54:58",807.0,2,"anselem7,divineokwueze,nnanyereuzoma"
1851,16671646,Luche,"2026-08-08 04:23:32",806.0,2,henrylucky
1852,16705406,peng,"2026-08-12 10:16:14",805.8,1,padyue
1853,16666884,"Antonio Stanciu","2026-08-12 12:02:53",805.7,2,stanciuantonio
1854,16661529,"AL Najafi","2026-08-08 03:39:39",805.5,2,alnajafi
1855,16675708,"Mahder Tesfaye Abebe","2026-08-08 08:46:36",805.0,2,mahdertesfayeabebe
1856,16667514,"Kakarott 10","2026-08-06 09:05:43",804.1,2,kakarott10
1857,16654746,"Michael Mullen","2026-08-06 11:08:31",804.1,2,mmullen200
1858,16629844,IsaacJinyu,"2026-08-01 15:39:55",804.0,2,isaacjinyu
1859,16669392,cobrapigeon,"2026-08-08 05:39:44",802.6,2,cobrapigeon
1860,16689398,Reesh,"2026-08-11 08:55:10",801.0,2,rishileung
1861,16658665,ChandramouliNagasundaram,"2026-08-12 11:12:48",799.1,2,mouliindian
1862,16700546,"Nightshade Family","2026-08-12 13:54:36",799.0,2,"gihanchamod17,vishmithasamarakoon"
1863,16656912,"Sami Ali","2026-08-07 00:48:33",799.0,2,mrsamiali
1864,16701728,sigmaborov,"2026-08-12 11:06:37",799.0,2,sigmaborov
1865,16657671,CyberRacoon,"2026-08-12 11:06:00",797.3,2,racoontw
1866,16624253,"Ho Dinh Trieu","2026-08-12 14:05:17",796.6,2,hodinhtrieu
1867,16655044,"Darius Kolycius","2026-08-04 09:49:01",796.6,2,dariuskolycius
1868,16698308,Yuan800,"2026-08-11 09:00:32",795.9,2,yuan800
1869,16630501,"Haris Ahmed","2026-08-12 12:35:07",794.7,2,harisahmedgenai
1870,16667630,Sparsh389,"2026-08-06 15:46:09",793.7,2,sparsh389
1871,16698007,"Juanma Serrano","2026-08-12 16:27:26",793.2,2,juanmaserrano
1872,16659828,"Lebansty Valan","2026-08-12 15:35:01",792.6,2,lebanstyvalan
1873,16701034,notnorm,"2026-08-11 10:31:23",792.3,1,notnorm
1874,16668737,"Abish Pius","2026-08-10 20:33:05",791.9,2,abishpius
1875,16665990,daffaharil,"2026-08-11 07:56:55",791.7,2,"daffaharil,farhansiddiq"
1876,16706442,tipstar0125,"2026-08-12 11:44:41",791.7,2,dragonty
1877,16712189,"Kostiantyn Isaienkov","2026-08-12 15:20:28",791.2,2,isaienkov
1878,16668354,"ashraf saiyed","2026-08-09 07:42:03",789.8,2,ashrafsaiyed58
1879,16661898,Farfadet,"2026-08-12 06:04:18",789.8,2,farfadet
1880,16632266,"(ノ◡ <)","2026-08-04 12:27:27",789.7,2,nawfeelrahman1124444
1881,16672103,"fred mahinay","2026-08-12 15:47:13",789.3,2,fredmahinay
1882,16653828,Boltuzamaki,"2026-08-08 21:17:44",789.3,2,boltuzamaki
1883,16655629,Mai_Konare,"2026-08-12 14:56:50",789.1,2,maikonare
1884,16624645,MistaHobbist,"2026-08-11 23:43:53",788.6,2,hobbisttech
1885,16665692,Straw_hats,"2026-08-12 13:33:26",788.2,2,charanno
1886,16701024,Selene,"2026-08-11 17:37:13",787.9,2,ejlthomas
1887,16646318,Kaminoko,"2026-08-07 08:17:28",787.7,2,chrisopherjoshy
1888,16669489,"Yichi Zhang","2026-08-10 04:09:59",786.7,2,yichizhang12
1889,16671438,"Aot Chanthorn","2026-08-07 15:32:54",786.3,2,aotchanthorn
1890,16671622,"Isaac Diaz Lopez","2026-08-12 06:44:43",786.1,2,isaacdiazlopez
1891,16670698,"Tamerlan Dadashov","2026-08-09 10:36:12",785.3,2,tamerlandadashov
1892,16655449,tcvieira,"2026-08-06 18:20:34",784.9,2,tcvieira
1893,16694610,Kshitiz2002,"2026-08-11 15:44:41",784.9,2,kshitiz2002
1894,16666648,"Sriram Reddy19","2026-08-06 08:40:07",784.6,2,sriramreddy19
1895,16641093,"Satish ","2026-08-11 19:51:51",784.6,2,satishkommanaboina
1896,16678044,BJFC,"2026-08-10 14:13:41",784.3,2,"harshithharithsa,svsumanth"
1897,16677366,Gmmastermind,"2026-08-07 01:19:13",783.5,2,gmmastermind
1898,16631400,JZ,"2026-08-10 09:11:28",783.4,2,zhoujiachen
1899,16663736,"Life Is Roblox","2026-08-11 04:24:07",783.4,1,alexlisenko
1900,16670313,HamzZZzzZZa,"2026-08-06 22:01:28",782.4,2,memesalot
1901,16669666,RhoenSprudel,"2026-08-09 20:56:18",782.2,2,rhoensprudel
1902,16656072,Vespidae,"2026-08-11 17:14:30",781.9,2,ianapis
1903,16641130,LitvinKA,"2026-08-04 18:09:01",781.8,2,litvinka
1904,16696421,"Koyashiki Mao","2026-08-11 06:40:19",781.7,2,koyashikimao
1905,16657796,"parv goyal2","2026-08-12 08:29:34",781.4,2,parvgoyal2
1906,16663584,"Deployable LLMs","2026-08-11 00:24:05",780.7,2,"lucasveronese,planetoidleser,sinhakprat"
1907,16686222,"Nika Chaduneli","2026-08-10 01:21:09",779.8,2,nikachaduneli
1908,16670356,"Dziriyin wa9il","2026-08-10 23:01:43",779.6,2,"akumanomu,alioualaeddine"
1909,16658019,ไอติวบ้านปังมาเอาแช้มมมม,"2026-08-08 18:43:05",779.0,2,tewnabhat
1910,16658937,SebastianQbiak,"2026-08-05 06:20:18",779.0,2,sebastianqbiak
1911,16639043,"saroj bono","2026-08-12 16:07:26",778.7,2,sarojbono197
1912,16655039,"Andrew Yip","2026-08-06 20:14:49",778.7,2,yipcma
1913,16661650,"Docker container","2026-08-08 12:42:31",777.7,2,yossefaymanzedan
1914,16655521,"Hemadri Rajyaguru","2026-08-04 02:12:55",776.5,2,hemadrirajyaguru
1915,16678288,"Speedrun retirement","2026-08-10 17:15:53",776.4,2,"josephkimanikamau,nanducode"
1916,16651661,"Quyền Thịnh","2026-08-07 06:27:45",775.9,2,quynthnh
1917,16699689,"David Sedláček","2026-08-10 08:38:38",775.7,2,sibicek
1918,16625050,`,"2026-08-03 05:53:43",775.6,2,ktverdov
1919,16696916,Sundar,"2026-08-11 13:04:59",774.7,2,vsundar17697
1920,16691512,"Hongxin Su","2026-08-09 10:31:45",774.6,1,hongxinsu
1921,16664790,"soumic 1088","2026-08-07 14:02:49",774.1,2,soumic1088
1922,16655140,Efthimios,"2026-08-11 15:30:43",773.7,2,efthimiosfousekis
1923,16659367,"Tayyab Aamir","2026-08-06 10:59:49",773.7,2,duketi
1924,16654099,"Bhupin Thapa magar","2026-08-10 09:22:06",773.3,2,vupeenthapamagar
1925,16664041,"an Expired Engineer","2026-08-06 09:22:01",772.7,2,sanggusti
1926,16675832,"Dean Shalev","2026-08-09 04:12:47",772.6,2,deanshalev
1927,16686972,"Ankit Maurya","2026-08-10 18:31:35",772.1,2,"ankitmaurya16,rudraprasadsah"
1928,16687390,"Mark Calvert","2026-08-08 09:51:55",771.8,2,markycalvert
1929,16661225,"Menelik Zafir","2026-08-12 11:40:26",769.2,2,monibeefudgekins
1930,16634204,"m-toshi desu","2026-08-01 06:20:37",768.8,2,mtoshidesu
1931,16689391,"Tejas Rajput","2026-08-08 17:21:18",768.6,2,tejasrajput123
1932,16683282,ayushk_empire,"2026-08-10 07:40:55",768.2,2,ayushkempire
1933,16695662,"Ollie Lowe2","2026-08-11 21:05:27",767.9,2,ollielowe2
1934,16697893,YWehbe,"2026-08-09 22:18:29",767.5,2,youssefwehbe
1935,16663909,HDPark,"2026-08-09 00:55:55",767.2,2,hdpark
1936,16675831,"Thayaparan Kumarakuru","2026-08-12 15:16:08",767.1,2,"kavishkasubashana,mrkala,thayaparankumarakuru"
1937,16668439,Lugas024,"2026-08-08 05:33:51",766.8,2,lugas024
1938,16669393,"ÖMER FARUK YILMAZ","2026-08-07 19:54:59",766.3,2,ofyzero
1939,16689430,"Terry Luo","2026-08-11 13:07:34",766.0,2,eimhluo1764
1940,16671237,"Jose Alejandro Rivera Jaramillo","2026-08-07 18:13:13",765.2,2,alejandroriveraj
1941,16634704,"Maham Haroon","2026-08-12 10:58:12",765.0,2,mahamhc
1942,16634519,"Darshan Makwana","2026-08-05 11:57:36",764.2,2,ellipticaloranges
1943,16689919,"Koren Ben Ezra","2026-08-08 17:49:55",763.9,2,korenbenezra
1944,16669930,"Ilya Klimanov","2026-08-12 16:30:42",763.7,2,ilyaklimanov
1945,16689266,"Oleksandr Dudnev","2026-08-12 11:23:07",763.4,2,dantist
1946,16656519,"Chris Laska","2026-08-08 07:52:47",762.8,2,chrislaska
1947,16661754,edwinis,"2026-08-12 15:09:32",762.7,2,edwinis
1948,16658409,AlexMasip,"2026-08-11 09:32:25",761.9,2,alexmasip
1949,16666084,"Andaç Demirdelen","2026-08-09 19:18:08",761.2,2,andacdemirdelen
1950,16677178,"YOUSSEF FAID","2026-08-11 21:10:38",760.7,2,yousseffaid
1951,16681660,"Parham Ghazanfari","2026-08-07 20:18:18",760.6,1,parhamghazanfari
1952,16621523,"Victor Orihuel","2026-08-10 17:21:31",760.4,2,victororihuel
1953,16669595,evanca,"2026-08-08 12:27:56",759.9,2,evanca
1954,16666632,to1_10i,"2026-08-06 17:41:23",759.3,2,to110i
1955,16682876,"Kartik Garg","2026-08-09 05:21:34",759.2,2,kartikgarg97
1956,16691518,"Sander Ee","2026-08-09 12:03:09",759.0,2,sanderee
1957,16627581,AidenSong123,"2026-08-11 01:11:45",758.7,2,aidensong123
1958,16659341,Aryan88097,"2026-08-05 17:26:57",758.2,2,aryan88097
1959,16622338,github/shepsci/kaggle-skill,"2026-08-10 20:07:51",757.7,2,shepscientific
1960,16664313,CompilingCoder,"2026-08-06 09:38:17",756.9,2,compilingcoder
1961,16703203,"Hamza Shafik ","2026-08-12 12:50:55",756.6,2,hamzashafik12
1962,16669597,农业农村部,"2026-08-10 19:11:08",756.6,2,"bingzhenghan,hrwan1"
1963,16699455,vijaikm,"2026-08-12 10:07:05",756.0,2,vijaikm
1964,16652635,panacea9320,"2026-08-05 10:45:06",755.5,2,panacea9320
1965,16633379,"Artem Prokhorov","2026-07-31 20:53:32",755.1,1,catfield123
1966,16660005,DreamX5678,"2026-08-06 07:55:06",755.1,2,dreamx5678
1967,16665084,"Wei Han","2026-08-11 04:48:21",754.9,2,weihan87
1968,16670210,"Ali Alghaithi","2026-08-10 21:14:48",753.1,2,alioman
1969,16625047,BOBQWERA,"2026-08-02 06:34:18",752.2,2,bobqwera
1970,16628456,kiro,"2026-08-10 16:20:52",752.1,2,kirosamurai
1971,16665462,ZSZ,"2026-08-12 13:55:00",751.5,2,zsuzsanna2
1972,16693272,ush,"2026-08-10 23:35:00",751.4,2,kusuha
1973,16668298,"Riki Garcia","2026-08-11 19:16:32",751.3,2,rikigarcia
1974,16632994,primal,"2026-08-12 16:02:29",749.9,2,primalhost
1975,16673923,"Gabriele Giacometti","2026-08-10 11:38:05",749.8,2,gabrielegiacometti
1976,16631421,cg,"2026-08-12 12:18:55",749.6,2,chaitanyagarg2
1977,16664134,"Pelayo Fernández","2026-08-07 10:36:48",749.0,2,pelayofdez
1978,16659890,"Cu Spoon","2026-08-12 13:51:59",748.9,2,cuspoon
1979,16661564,yang20251228,"2026-08-09 07:57:54",748.7,2,yang20251228
1980,16663998,"Harith Al-Ani","2026-08-10 14:07:30",748.6,2,abo3losh
1981,16662318,"Bardia Bahadori","2026-08-11 20:38:44",748.3,2,bardiabahadori
1982,16686613,Zubatch,"2026-08-08 22:35:45",747.6,2,zubatch
1983,16699140,St.Valentine,"2026-08-12 05:03:55",747.5,2,stvalentin3
1984,16661210,vizyourdata,"2026-08-07 11:05:08",747.1,2,vizyourdata
1985,16667818,AjayVarma555,"2026-08-09 15:14:45",747.1,2,ajayvarma555
1986,16663238,"Francesco Zaccaria","2026-08-12 07:35:18",747.0,2,francescozaccaria
1987,16654943,"Alexis Selorm Gbeckor - Kove","2026-08-10 11:44:58",746.8,2,advancedbeginner
1988,16656009,"Steven Liu","2026-08-12 07:02:22",746.7,1,thornkey
1989,16664709,kai,"2026-08-12 08:45:44",746.6,2,sungwo101
1990,16671420,"Chengchen Duan","2026-08-12 11:40:06",746.5,2,chengchenduan
1991,16621811,"Shaun Andrade","2026-08-01 00:44:42",745.6,2,shaunandrade
1992,16652173,"Shardul Gharat","2026-08-06 10:07:36",745.5,2,shardulgharat
1993,16697526,"Jurgen Sinjari","2026-08-10 21:21:26",745.3,2,jurgensinjari
1994,16621153,"Addison Howard (ineligible)","2026-08-05 14:42:38",745.3,2,addisonhoward
1995,16656690,"Sushant Kumar (xWF)","2026-08-06 04:44:38",745.1,2,sushantkumarxwf
1996,16658618,"philip georgiev","2026-08-09 06:57:05",744.9,2,philipgeorgiev
1997,16630274,yutoAb,"2026-08-12 03:42:53",743.9,2,yutoab
1998,16639867,vibecoder,"2026-08-08 05:34:55",743.8,2,kunal808
1999,16673604,"Jiman Kwon","2026-08-12 16:44:13",743.6,1,jimankwon
2000,16688108,Special_octo20,"2026-08-10 03:32:12",742.9,2,specialocto20
2001,16635848,KartoplyanePure,"2026-08-10 23:23:19",742.4,2,"danylotovp,wizardmp"
2002,16692401,"Abdurehman Iqbal","2026-08-11 20:45:11",742.2,2,abdurehmaniqbal
2003,16687135,"Kavya Bhandari","2026-08-11 17:13:35",742.0,2,kavyabhandari1998
2004,16662984,"Mark Schatza","2026-08-12 12:57:06",741.9,2,markschatza
2005,16662421,"Aparna Mantha","2026-08-06 17:23:34",741.7,2,aparnam91
2006,16634316,"Cao Tùng Lâm","2026-08-03 20:45:50",741.3,2,liamislazy
2007,16667500,jiannebab,"2026-08-10 03:03:54",741.1,2,jiannebab
2008,16657798,"Ian Kim","2026-08-06 05:07:10",741.0,2,ianpkim
2009,16678246,"Mark Holloway","2026-08-08 01:28:19",740.6,2,markholloway
2010,16677105,"Chaitanya Yadav","2026-08-08 18:55:46",740.1,2,xhaitanya
2011,16687714,nabilux,"2026-08-09 13:27:11",739.5,2,eminesnabil
2012,16646970,juewang1p,"2026-08-12 07:36:32",739.4,2,juewang1p
2013,16670070,"Kirill Molostov","2026-08-12 14:58:51",738.7,2,kirillmolostov
2014,16684886,HTHub,"2026-08-08 00:12:47",738.7,2,adegokesaidi
2015,16684674,"Ch Muhammad Umer ","2026-08-11 08:11:36",738.4,2,chmuhammadumer
2016,16665759,"Shawn Zhang","2026-08-12 05:15:27",738.3,2,shawnzhang0318
2017,16697681,"Mahfujur Rahman Rakib","2026-08-10 05:14:21",738.1,2,mahfujurrahmanrakib
2018,16632510,shi_koyo,"2026-08-04 08:58:56",737.9,2,shikoyo
2019,16692680,"Marc-Luca ","2026-08-11 12:02:15",737.5,2,marcluca
2020,16702796,Yavuz.YILMAZ,"2026-08-12 08:44:07",736.9,2,yvztpe
2021,16657105,"Mathijs Deelen","2026-08-05 01:16:34",736.8,2,mathijsdeelen
2022,16641348,wata,"2026-08-03 11:29:04",736.5,2,iwatahiroki
2023,16691552,"Koshtubh Singh Parihar","2026-08-09 03:19:39",736.4,2,koshtubhsinghparihar
2024,16676155,"Adam Carnaffan","2026-08-07 16:48:03",735.5,2,adamcarnaffan
2025,16658686,"Alpesh Kumar","2026-08-08 06:12:31",735.3,2,alpeshkumar
2026,16706326,pranrocky,"2026-08-11 17:57:21",735.1,2,pranrocky
2027,16657871,Lucienne,"2026-08-05 03:13:59",735.1,2,yangnianan
2028,16655571,yuken,"2026-08-07 13:27:53",735.0,2,yukenai
2029,16660295,Pentos,"2026-08-10 00:06:56",734.8,2,nishiumi
2030,16639223,"SIDHAARTH SHREE","2026-08-04 22:49:19",734.7,2,sidhaarthshree
2031,16676360,"Chris Kang","2026-08-11 01:16:30",734.6,2,rukawa917
2032,16669396,Fleo98,"2026-08-10 15:43:34",734.2,2,fleo98
2033,16640472,"Vsevolod Rakita","2026-08-11 12:43:49",733.6,2,vsevolodrakita
2034,16630837,"Vishal Sharma","2026-08-05 18:24:44",733.6,2,vishal40182
2035,16668022,"Lady and tech","2026-08-10 19:33:22",733.6,2,ladyandtech
2036,16659125,"Meet Parekh","2026-08-12 10:04:22",733.5,2,meetparekh1
2037,16677231,"Ahmed Bootaan","2026-08-06 18:08:52",733.2,2,ahmedbootaan
2038,16638031,vlad101,"2026-08-07 14:01:49",733.2,2,vlad101
2039,16655527,"Saurabh Kumar","2026-08-06 08:14:52",733.1,2,sk25oct
2040,16663659,"Omer Rehman","2026-08-12 14:58:54",733.0,2,omerrehman97
2041,16668175,el_dedalus,"2026-08-06 14:48:01",732.8,2,eldedalus
2042,16653379,"Asakawa Ruriko","2026-08-10 09:21:58",732.2,2,asakawaruriko
2043,16691670,wangbin.dev,"2026-08-12 15:01:53",731.3,2,wangbindev
2044,16657016,"MD. AS-AID RAHMAN","2026-08-05 14:05:32",731.1,2,mdasaidrahman
2045,16668817,"Sean ODonnell","2026-08-08 03:27:47",731.1,2,sjean11
2046,16709800,nubx,"2026-08-12 12:13:05",731.0,2,manrajjitsidhu
2047,16664267,"Alan T. Andrea","2026-08-09 03:22:40",729.5,2,alantandrea
2048,16622938,"Farmville Redux","2026-08-03 18:58:04",729.2,2,daveconnor
2049,16706738,Moriarty,"2026-08-12 15:15:15",729.1,2,mikhailkachalin
2050,16658042,"Giampietro Pregnolato","2026-08-12 10:29:51",729.1,2,giampietropregnolato
2051,16644303,"kevin zhou","2026-08-07 19:02:37",729.1,2,kevinzhou66
2052,16690736,omarkami007,"2026-08-11 18:40:45",729.1,2,omarkami007
2053,16675585,"Jacob Joy","2026-08-11 12:13:06",728.7,2,jac0b1
2054,16654351,"Manish Kumar","2026-08-04 07:45:22",728.0,2,manishkumarphd2000
2055,16663708,"Imran Ahamed","2026-08-10 02:51:39",728.0,2,immu4989
2056,16654761,"Mohammed Mukthar","2026-08-05 02:06:15",727.7,2,mohammedmukthar9
2057,16667143,"Noct-Tech zombie","2026-08-06 13:46:51",727.5,2,jo3thaboss
2058,16657794,"Aromal vK","2026-08-06 15:35:11",727.2,2,aromalvk
2059,16655272,"Artur Sakhiullin","2026-08-09 14:27:52",727.0,2,artursakhiullin
2060,16681369,GanadorPlusUltra,"2026-08-12 04:45:59",726.7,2,ganadorplusultra
2061,16690338,dvv_ram,"2026-08-10 21:43:57",726.3,2,ddvram
2062,16663437,inversion,"2026-08-04 20:44:41",726.2,1,inversion
2063,16671680,"Joe Hall","2026-08-10 19:02:30",726.0,2,halljr
2064,16691938,"PRASHANT SUTHAR11","2026-08-10 09:46:05",724.8,2,prashantsuthar11
2065,16697800,DR_Mkelvo,"2026-08-09 20:42:15",724.3,1,drmkelvo
2066,16661066,"André Kuster","2026-08-06 00:54:20",723.9,2,andrkuster
2067,16658009,"Lando Wang","2026-08-05 02:18:17",723.8,2,landowang
2068,16675074,ahiokk,"2026-08-07 07:58:44",723.3,2,ahiokk
2069,16669479,"Shifa Salsabiila","2026-08-09 02:56:11",723.2,1,shifasalsabiila
2070,16679560,"soufiane Lasfar","2026-08-08 00:12:30",722.6,2,soufianelasfar
2071,16708624,"Aboubacar HEMA","2026-08-12 02:24:26",722.1,2,"aboubacarhema,marcmare"
2072,16636808,"Kaito Ichikawa","2026-08-12 15:55:51",721.9,2,kaitoichikawa
2073,16624941,"KO Ho Tin","2026-08-10 03:33:47",721.8,2,b14ckc4tmr
2074,16676885,"Riva Kajangu","2026-08-11 13:40:03",721.5,2,rivakajangu
2075,16665476,"Zhanghao Chen69","2026-08-12 04:36:02",720.7,2,zhanghaochen69
2076,16678157,"Ayush Kumawat","2026-08-11 09:40:31",720.5,2,ayushkumawat21
2077,16664415,"Imerson Krysthio","2026-08-12 05:37:03",720.5,2,imersonk
2078,16655426,engin_zhou,"2026-08-05 15:21:18",720.3,2,enginzhou
2079,16658106,"Devam juthani","2026-08-05 08:18:14",720.1,2,devamjuthani
2080,16658151,"Nguyễn Phúc Gia Bảo","2026-08-06 15:15:07",720.1,2,kevincrazy678
2081,16697704,"Leonid Matetskiy","2026-08-09 21:39:06",719.7,2,leonidmatetskiy
2082,16621354,pengshy,"2026-08-06 04:54:01",719.2,2,dm15336142
2083,16703310,"israel ntumba","2026-08-12 13:29:06",718.8,2,israelntumba
2084,16666147,"Khalid Bin Hethlain","2026-08-12 06:40:20",718.7,2,khalidbinhethlain
2085,16639408,Invictus,"2026-08-11 22:44:04",718.5,2,nicho256
2086,16663766,"Anup Gautam","2026-08-08 01:29:10",718.3,2,anupanda
2087,16645431,Amin,"2026-08-08 22:05:02",718.0,2,aminvafaei
2088,16641171,"Sadettin Şamil Verdil","2026-08-07 14:18:04",717.9,2,sadettinamilverdil
2089,16669165,"IT Neko","2026-08-11 05:21:50",717.7,2,"nirvaanaa,zhexuanyecust"
2090,16675066,Opticulture,"2026-08-12 10:35:44",717.4,2,"bajibaburowthu,ponnuripavankumar,radhakrishnadoredla,veereshkumar1219"
2091,16670842,Cole,"2026-08-12 14:40:37",717.1,2,colechristensen
2092,16666483,"Salih Erdem Kaymak","2026-08-08 17:32:38",717.0,2,saliherdemkaymak
2093,16675063,Tian_Wang1210,"2026-08-12 02:37:55",716.4,2,tianwang1210
2094,16664731,UT,"2026-08-12 07:54:45",715.7,2,"sabapunch,wasshan"
2095,16653303,F4,"2026-08-06 01:43:09",715.6,2,"chen2yoimiya,huaidezhang,wahuwahuwahu,zrurfa"
2096,16670933,Pat,"2026-08-06 10:26:21",714.9,2,junseia
2097,16640845,"tang yangzhou","2026-08-04 21:36:09",714.5,1,tangyangzhou
2098,16665622,one,"2026-08-11 04:10:11",714.2,2,richardsplayground
2099,16658477,"chathura prasadh9817","2026-08-06 07:18:04",713.8,2,chathuraprasadh9817
2100,16711812,"zhan renyi","2026-08-12 11:34:48",713.6,1,zhanrenyi
2101,16654328,"QQ Farm","2026-08-12 01:01:34",713.6,2,"huiiyu,titirmt"
2102,16664119,FSzekut,"2026-08-07 00:03:04",713.3,2,fszekut
2103,16627751,lzeee,"2026-08-10 14:06:38",712.9,2,shzgong
2104,16700737,HechtJP,"2026-08-12 01:21:14",712.5,2,hechtjp
2105,16687808,GorillaGhost,"2026-08-12 02:00:43",712.4,1,gorillaghost
2106,16691164,"Krishna Saathwik","2026-08-12 08:23:07",712.3,2,krishnasaathwik
2107,16659951,"CHRISTOPHER CRILLY","2026-08-11 11:47:43",712.0,2,christophercrilly
2108,16674831,"nk for work","2026-08-11 23:59:30",711.6,2,nkforwork
2109,16670544,"William Rients","2026-08-06 00:01:02",711.5,2,williamrients
2110,16639705,"Yuta Tomimasu","2026-08-07 13:02:39",710.8,2,yutatomimasu
2111,16702118,"cemal özdeniz","2026-08-10 20:27:17",710.7,2,cemalzdeniz
2112,16701795,Proshian,"2026-08-11 00:01:04",710.7,2,proshian
2113,16693137,"Ich Benavides","2026-08-12 09:34:39",710.4,2,jabeichbenavides123
2114,16712746,itsraininnnn,"2026-08-12 16:38:56",709.5,1,itsraininnnn
2115,16670879,djschmit,"2026-08-08 08:57:03",709.3,2,djschmit
2116,16673191,juliye,"2026-08-10 03:49:13",709.0,2,juliye
2117,16662120,"Harpal Gujral","2026-08-11 15:30:46",708.9,2,harpalgujral
2118,16665311,"huayang sun","2026-08-11 05:10:13",708.7,2,okami001
2119,16687159,Max64738CB,"2026-08-12 15:17:25",708.5,2,max64738cb
2120,16655595,ashsah,"2026-08-12 00:39:48",708.2,2,ashsah
2121,16667839,Viet-Tien,"2026-08-10 18:50:30",708.1,2,tiena2cva
2122,16707034,"Muhammed Ali Kul","2026-08-12 14:19:15",707.8,2,muhammedalikul
2123,16632504,"[Deleted] c2f6c5d5-ecb1-4f92-95d7-7c9f0fd3474f","2026-07-31 16:04:32",707.7,1,ryota517
2124,16665154,"Omkar Pawar","2026-08-11 06:46:00",707.5,2,omkarrr7
2125,16660251,Yagawa,"2026-08-12 14:35:41",707.1,2,yagawa
2126,16710621,(´･_･`),"2026-08-12 16:48:11",707.0,2,tanakh
2127,16693663,"YoungCheol Son","2026-08-12 07:24:48",706.9,2,sonyc5720
2128,16638177,stpete_ishii,"2026-08-11 08:51:53",706.9,2,stpeteishii
2129,16673333,"Dimas Renggana","2026-08-06 23:40:39",706.5,2,dimasrenggana
2130,16662313,"Maximus Sambucetti","2026-08-09 15:36:46",706.3,2,maximussambucetti
2131,16659418,"Fonge Bertin","2026-08-06 09:26:33",706.1,2,fongebertin
2132,16669545,"Rishabh Gupta","2026-08-06 18:19:04",705.8,2,rishabhguptajs
2133,16639577,Haitaks,"2026-08-04 17:33:55",705.5,2,haitaks
2134,16680297,"Ajay Singh","2026-08-08 04:33:24",705.2,2,ajaysinghg
2135,16635145,"Isaac Menard","2026-08-05 21:11:36",704.0,2,isaacmenard
2136,16658738,Aman,"2026-08-05 11:12:10",704.0,2,amank95amank95
2137,16637776,MarvelousXun,"2026-08-03 09:33:38",703.8,2,marvelousxun
2138,16708907,"Sam Mercer","2026-08-12 15:13:30",703.2,2,smercer10
2139,16662103,"Saravana Thiagarajan K","2026-08-05 21:43:42",702.9,2,saravanatk1984
2140,16695567,tera358,"2026-08-12 12:46:00",702.8,2,tera358
2141,16667794,knadithyavr,"2026-08-11 09:32:06",702.7,2,knadithyavr
2142,16657265,"Hemant Kumar","2026-08-05 15:17:20",702.0,2,hemantrajputt
2143,16688175,aarav221w,"2026-08-10 14:16:57",701.9,2,aarav221w
2144,16665994,Rakhansyah,"2026-08-11 13:48:31",701.8,2,rakhansyah
2145,16669028,"Atishay Kasliwal","2026-08-11 17:54:59",701.7,2,atishaykasliwal
2146,16663919,hnhyhj,"2026-08-12 03:55:47",701.4,2,hnhyhj
2147,16675457,"Ramana Prabhu Sana","2026-08-10 15:32:05",700.9,2,ramanaprabhusana
2148,16635065,T88,"2026-08-06 00:56:10",700.8,2,t88take
2149,16661784,"XU XUXIANG","2026-08-09 14:29:23",700.6,2,xuxuxiang
2150,16700484,白井孝太郎,"2026-08-12 08:40:08",700.6,2,kotaroshirai
2151,16665894,"Pedro Wu","2026-08-12 07:20:09",700.1,2,pedropei
2152,16676762,"Tomas Escobar Rivera","2026-08-06 20:46:00",699.8,2,tomasescobarrivera
2153,16630903,"Hrushikesh Pawar","2026-08-09 14:44:37",699.7,2,hrushikeshpawar
2154,16635746,"jeon hyeon woo","2026-08-11 08:01:35",699.5,2,jeonhyeonwoo
2155,16679671,Ash0666,"2026-08-09 19:28:52",699.5,2,ash0666
2156,16664142,"The Studio 1","2026-08-07 01:39:19",699.3,2,landonsheatsley
2157,16671364,"Mike Riggs","2026-08-09 03:22:55",698.9,2,riggsasi
2158,16662057,DeokJin,"2026-08-05 04:01:38",697.6,2,deokjin
2159,16672858,Lyesterday,"2026-08-06 08:45:47",697.4,2,ilyas93
2160,16658779,"Richard G Atkinson","2026-08-05 00:29:59",697.3,2,richardgatkinson
2161,16656420,"Aditya Raj #2","2026-08-12 16:11:05",696.6,2,optimus2005
2162,16691007,"Nhật Khoa Phạm","2026-08-12 14:17:43",696.4,2,pnk123456
2163,16708296,LUCKY2,"2026-08-12 08:41:49",696.1,2,carolezountangni
2164,16674605,Versilogic,"2026-08-07 03:33:10",695.8,2,versilogic
2165,16673712,"Alejandro Betato","2026-08-11 07:33:47",695.7,2,alejandrobetato
2166,16672264,iiTz_AK,"2026-08-08 05:08:23",695.5,2,iitzak
2167,16664002,"Guilherme Zanini de Sá","2026-08-12 14:44:44",695.4,2,guilhermezaninides
2168,16693988,"Pranav Gupta","2026-08-12 04:40:28",695.4,2,kumbhakarann
2169,16663284,"Aman Prakash","2026-08-11 16:02:03",695.3,2,amanprakash777
2170,16706897,"Akshay Mathur","2026-08-12 15:41:53",695.2,2,akshaymathur777
2171,16670274,"dankwa wadie","2026-08-09 19:27:31",695.2,2,dankwawadie
2172,16659974,"anthony sinchi","2026-08-11 02:53:29",695.2,2,anthonysinchi
2173,16660850,"Khoa Le","2026-08-05 13:23:55",695.1,2,bryanle2025
2174,16660419,"Kai-Shih Chiu","2026-08-06 12:54:22",694.9,2,kaishihchiu
2175,16665224,tyz123456,"2026-08-12 16:17:26",694.8,2,tyz123456
2176,16704864,ksj00610,"2026-08-12 08:47:16",693.9,2,ksj00610
2177,16682915,"igeo kK","2026-08-09 18:41:17",693.6,2,igeokk
2178,16659412,yesterdays_rebel,"2026-08-05 04:45:57",693.3,2,irfanparaniya
2179,16659645,Drakus_Julia,"2026-08-09 02:15:20",693.0,2,drakus74
2180,16666066,Khush3e,"2026-08-12 04:50:39",692.6,2,khush3e
2181,16703129,"Pratik Vadher","2026-08-10 21:08:27",692.4,1,pratikvadher
2182,16661832,"Roberto Garcia","2026-08-08 15:09:39",692.1,2,robertogarciada
2183,16656871,"Pedro Henrique","2026-08-07 03:37:29",691.9,2,pedrohets
2184,16691271,"Ashler Herrick","2026-08-09 14:54:33",691.2,1,ashlerjohnherrick
2185,16658718,"Duong Bao Duy","2026-08-11 19:13:05",690.7,2,duongbaoduy
2186,16666301,"James Felipe","2026-08-12 04:19:02",690.4,2,jamesfelipe
2187,16623112,Tians12,"2026-08-09 19:10:24",690.2,2,tiansang12
2188,16687942,"Arya Arun","2026-08-08 07:51:57",690.2,2,aryaarun07
2189,16656883,KK,"2026-08-05 10:27:15",689.7,2,kkonzyb
2190,16633950,"Matt Motoki","2026-08-01 16:42:24",689.3,2,mmotoki
2191,16685982,Snorf,"2026-08-09 15:06:58",688.4,2,snorfyang
2192,16656317,"Manu Rahi","2026-08-06 16:43:55",687.7,2,manurathi
2193,16675264,"Alon Bar Koter","2026-08-06 16:16:43",687.3,2,alonbarkoter
2194,16673324,Amaranta,"2026-08-12 00:33:55",686.9,2,ulyanovantonamaranta
2195,16692637,"Blox Amaze","2026-08-09 09:47:42",685.7,2,bloxamaze
2196,16702481,"Scott G","2026-08-11 22:16:34",685.6,2,verifiedscott
2197,16686150,"Aek KunKub","2026-08-12 12:37:22",684.7,2,aekkunkub
2198,16660360,"Joey Gonzales","2026-08-05 00:00:47",684.6,2,joeygonzales
2199,16659896,TedT,"2026-08-11 19:36:14",684.5,2,fdsaur
2200,16687548,"Shubham Tibrewal","2026-08-10 17:58:03",684.4,2,researchai2026
2201,16687448,"Israel Burns","2026-08-12 08:41:38",684.0,2,israelburns
2202,16658962,"Fabian Friedland","2026-08-06 15:58:37",683.9,2,fabotelli
2203,16660670,"Chirag Bhatnagar","2026-08-08 15:49:27",683.8,2,chiragbhatn
2204,16661318,"Zeel Kadvani","2026-08-06 09:31:18",683.7,2,zeelkadvani
2205,16664605,"Nathaniel Shou","2026-08-05 17:51:47",683.5,2,nathanielshou
2206,16709463,MKhlystun,"2026-08-12 12:41:42",683.5,2,mkhlystun
2207,16659025,"Mohammed Naseef","2026-08-05 09:01:20",683.1,2,mohammednaseef
2208,16654068,"Renoir Vieira","2026-08-07 03:56:50",682.6,2,renoirvieira0
2209,16688366,yokoikazumasa,"2026-08-08 19:25:58",682.5,1,yokoikazumasa
2210,16668089,Goller,"2026-08-10 13:46:37",682.5,2,goller
2211,16702359,"Ethan Pl","2026-08-11 19:43:21",681.2,2,ethanpl
2212,16688568,Sophie555,"2026-08-11 10:27:25",680.6,2,sophie555
2213,16681149,Lee14k,"2026-08-11 05:28:38",680.5,2,lee14k
2214,16696526,"Reda HEDDAD","2026-08-10 20:42:47",680.4,2,redaheddad
2215,16690940,NKryst,"2026-08-11 05:01:52",679.7,2,nkryst
2216,16658677,大山,"2026-08-10 08:54:14",679.5,2,mapodoufu
2217,16666988,"Sarthak Vedant Mohanty","2026-08-08 00:10:11",679.3,2,sarthakvedantmohanty
2218,16623732,A.S.TENSHU,"2026-08-12 15:39:39",679.1,2,kirvk013
2219,16644508,"Vandana Pathania","2026-08-11 20:54:51",678.6,2,vandanapathania
2220,16657807,"Ragav Rida","2026-08-07 16:22:34",678.6,2,ragavrida
2221,16637031,"and more","2026-08-06 01:35:25",678.1,2,kym2022
2222,16666597,Ramkumar4240,"2026-08-10 12:19:20",678.1,2,ramkumar4240
2223,16658775,"Vincent Pan","2026-08-11 10:46:57",677.9,2,"judithhong,vincentpan2005"
2224,16659181,Hongjie04,"2026-08-05 04:07:04",677.8,2,hongjie04
2225,16688787,Raijin,"2026-08-09 03:51:04",677.6,2,vencerlanz09
2226,16707453,"Kaan Dınız","2026-08-12 14:59:14",677.4,2,kaandnz
2227,16657553,graceyunliu,"2026-08-09 16:55:44",677.2,2,graceyunliu
2228,16651167,ArmanVardanyan07,"2026-08-03 22:43:13",676.6,2,armanvardanyan07
2229,16662618,"Soledad Santiago","2026-08-10 01:30:24",676.3,2,soledadsantiago
2230,16672463,"Muzammil Baloch","2026-08-07 12:45:39",676.0,2,muzammilbaloch
2231,16666371,jiten_topiwala,"2026-08-08 16:51:13",675.5,2,jitentopiwala
2232,16698822,JJN8825,"2026-08-12 16:30:45",675.5,2,jjn8825
2233,16670779,"Aditya Dube","2026-08-06 01:41:24",675.3,2,dubeaditya
2234,16631772,yuki,"2026-08-03 17:39:58",675.2,2,yururoi
2235,16660214,ytddsyt1214,"2026-08-09 12:32:06",675.2,2,ytddsyt1214
2236,16658074,"Qui Ngx","2026-08-05 05:57:15",674.8,2,quingx
2237,16655424,Fayche,"2026-08-10 16:50:28",674.7,2,fayche
2238,16693215,"Izzoudine Mohamed KANTA","2026-08-11 19:01:10",674.3,2,izzoudeenkanta
2239,16708824,"Tanaka Chiromo","2026-08-11 20:15:27",674.3,2,tanakachiromo
2240,16663884,DevilQ,"2026-08-12 04:34:24",673.9,2,"parhamesm,samuelescarfone12"
2241,16676320,"Khôi Trần","2026-08-12 16:46:33",673.7,2,khoitrn
2242,16654596,"khusham sheth","2026-08-12 08:59:15",673.3,2,khushamsheth
2243,16687604,Harrislrobinson,"2026-08-11 00:25:10",673.2,2,harrislrobinson
2244,16686912,@mldsdev,"2026-08-12 12:46:04",673.1,2,lan1mel
2245,16654332,"Borys Tymchenko","2026-08-11 20:33:20",672.9,2,spsancti
2246,16666328,"Dornus !","2026-08-05 21:53:19",672.6,2,dornus
2247,16689033,arman1o1,"2026-08-09 18:02:03",672.3,2,arman1o1
2248,16676254,"Lazy Lagoon","2026-08-11 12:01:24",671.6,2,"mokshoswal137,taniyasankhe"
2249,16655075,"Félix Rodríguez Roble","2026-08-04 09:16:25",670.6,2,flixrodrguezroble
2250,16670708,"Mohammad Usman Sajid","2026-08-11 16:33:51",670.1,2,mohammadusmansajid
2251,16634790,"Steven Lui","2026-08-03 12:22:08",669.8,2,stevenlui
2252,16679364,VicD,"2026-08-11 11:58:17",669.5,2,durandv
2253,16663677,"Aghazie David","2026-08-07 00:32:14",669.5,2,aghaziedavid
2254,16654193,fvong,"2026-08-12 04:34:37",668.2,2,fvong35963
2255,16658820,"Jonathan Ashenaf1","2026-08-11 16:59:20",667.9,2,jonathanashenaf1
2256,16701761,BalaVignesh,"2026-08-11 17:04:37",667.8,2,balavignesh
2257,16639507,Homii_N,"2026-08-11 00:09:57",667.6,2,homeshwarrao
2258,16669470,"ASDM HUB","2026-08-12 16:09:48",667.5,2,jesushechavarria
2259,16625241,"Mutoy Choi","2026-08-12 06:58:17",667.0,2,mutoy1
2260,16651623,"Sarvesh Talele","2026-08-08 18:39:04",666.8,2,sarveshtalele
2261,16654890,"Josh Hipps","2026-08-06 14:16:49",666.5,2,joshuahipps
2262,16669118,"yunus yavuz","2026-08-05 21:51:21",666.5,2,yunusyvz
2263,16693207,"Vamshi Guntupalli","2026-08-11 22:40:36",665.9,2,vamshiguntupalli
2264,16674540,"Pratik Priyanshu","2026-08-07 18:28:12",665.8,2,pratikpriyanshu5
2265,16668678,"Madhur Sabherwal","2026-08-08 01:54:42",665.1,2,madhur321
2266,16697936,"Sami Cakiral","2026-08-11 23:46:16",664.9,2,samicakiral
2267,16670065,"Artyom Sayapin","2026-08-12 16:51:06",664.8,2,spielmeister
2268,16662201,"Saumitra Verma","2026-08-04 18:28:36",664.5,2,saumitraverma
2269,16660173,"PAULO HENRIQUE DE LIMA","2026-08-06 02:42:20",663.4,1,paulohenriquedelima
2270,16642994,"Danila Galkin","2026-08-12 16:27:53",662.5,2,danilagalkin
2271,16697346,"sayyid mogaka","2026-08-10 21:37:36",662.5,2,sayyidmogaka
2272,16658909,junesdata,"2026-08-06 15:14:26",662.3,2,junesdata
2273,16653222,StevenYuan7788,"2026-08-05 02:16:11",662.2,2,stevenyuan7788
2274,16700661,"Aakash Kavuru","2026-08-12 05:13:05",661.9,2,aakashkavuru
2275,16658973,"not today","2026-08-05 05:57:14",661.7,2,cemhan44
2276,16661099,TheSven,"2026-08-06 17:05:25",661.2,2,thesven
2277,16702275,Joyal,"2026-08-12 13:34:56",661.2,2,joyalseejo
2278,16707467,kay.liechtenstein,"2026-08-12 16:07:40",661.1,2,kayliechtenstein
2279,16674076,rigsutra,"2026-08-12 11:49:06",661.1,2,rigsutra
2280,16639732,"Junbeom Lee23","2026-08-11 15:03:11",660.7,2,junbeomlee23
2281,16632253,nasuuuuun,"2026-08-04 13:30:11",660.6,2,hikarumatsuzaki
2282,16686149,"Luc Mantoux","2026-08-09 20:25:33",660.4,2,lucmantoux
2283,16666055,Axit,"2026-08-06 10:16:15",659.9,2,axitslab
2284,16677303,"Chase Martyn","2026-08-12 16:09:44",659.7,2,chasemartyn
2285,16659874,"ding yumeng","2026-08-10 11:53:41",659.4,2,dingyumeng
2286,16666614,"Arjun Annamalai","2026-08-11 06:33:31",659.4,2,arjunannamalai
2287,16668562,"Anthony LOISEAU","2026-08-06 16:07:52",659.3,2,anthonyloiseau
2288,16699711,"maxscender ","2026-08-10 16:28:41",659.3,1,maxscender
2289,16688646,lakranitesh,"2026-08-08 12:49:18",659.1,2,lakranitesh
2290,16660119,"Dhruva Das","2026-08-05 17:05:52",659.0,2,dhruva77
2291,16665046,"Srish Jana","2026-08-06 18:12:59",658.1,2,srishjana
2292,16661449,"Samarjeet Singh","2026-08-11 11:10:05",657.9,2,samarjeet010
2293,16690152,"The Ceris","2026-08-12 13:10:38",657.9,2,amedeopachera
2294,16696163,"Romain Durand","2026-08-10 11:12:17",657.8,2,romaindurand1607
2295,16712535,"Benjamin Beaujard","2026-08-12 15:39:32",657.8,2,benjaminbeaujard
2296,16709872,"Tim McGarvey","2026-08-12 03:43:00",657.6,1,timmcgarvey
2297,16705176,"Ruslan Raupov","2026-08-11 12:41:44",657.5,1,ruslanraupoff
2298,16671217,"Akshay V","2026-08-12 02:23:46",657.1,2,akshayv1001
2299,16632777,"Alexandrine Cakpo","2026-08-01 20:19:35",657.1,2,alexandrinecakpo
2300,16664266,"Ian Chung","2026-08-07 23:32:55",657.0,2,iannnnn012345
2301,16666571,"Zhengxu Yu","2026-08-12 15:24:32",656.8,2,zhengxuyu
2302,16685618,"Krupa Vardhan","2026-08-08 07:33:05",656.8,2,krupavardhan
2303,16645426,Jun_value,"2026-08-11 00:52:19",656.7,2,junvalue
2304,16635233,"Szymon Kłapiński","2026-08-03 10:04:12",655.8,2,szymonkapiski
2305,16687538,aefinityaiinc,"2026-08-08 21:06:43",655.3,2,aefinityaiinc
2306,16695093,"Ryota Murai","2026-08-10 15:05:34",654.8,2,rmuraix
2307,16660364,dadandsats,"2026-08-12 11:15:12",654.6,2,continuingdev
2308,16662751,ZeD,"2026-08-06 10:11:24",654.5,2,hussamcheema
2309,16658349,lingxiaojun,"2026-08-11 12:18:58",654.4,2,lingxiaojun
2310,16648589,"Yilan Zhu","2026-08-05 11:23:23",654.4,2,yilanzhu
2311,16657400,indrapurnama,"2026-08-08 05:42:05",654.1,2,indr0008
2312,16668648,"Mason R. Brito","2026-08-07 04:29:13",654.1,2,masonrbrito
2313,16671648,AnZ,"2026-08-09 07:21:22",653.9,2,minhbui1997
2314,16623316,"Ondrew Zudin","2026-08-06 23:08:41",653.4,2,ondrewzudin
2315,16623302,"Raffi Ardhi Naufal","2026-07-31 18:31:57",653.1,1,raffiardhi
2316,16680108,dentalsoup,"2026-08-07 09:03:47",652.9,2,afinemonkey
2317,16672078,vietlinhh02,"2026-08-08 07:46:53",652.9,2,vietlinhh02
2318,16661927,JHCodeQuest,"2026-08-06 23:31:22",652.5,2,josephkhassan
2319,16661154,"gronky goobers","2026-08-12 14:33:58",652.5,2,"viktoriusontop,yoshisurjuise"
2320,16630249,"Aymar Avohoueme","2026-08-01 20:38:57",652.2,2,aymaravohoueme
2321,16630163,"SEREENA JERRY","2026-08-06 08:59:17",652.0,2,serenajerry
2322,16630335,"Solve Langseth","2026-08-05 06:48:57",651.7,2,solvelangseth
2323,16660462,"Vishwanath N Iyer","2026-08-07 07:22:17",651.4,2,vishwanathniyer
2324,16664762,"John Marinton","2026-08-11 15:37:18",651.3,2,marintonjohn
2325,16678602,"hassan manour","2026-08-07 12:52:23",651.3,1,hassanmanour
2326,16705523,"Brian Chua","2026-08-12 01:54:26",651.1,2,chuazhengweibrian
2327,16660955,"Nihal l.suvarna","2026-08-10 14:10:54",650.2,2,nihallsuvarna
2328,16696983,"JKM Ventures","2026-08-11 02:11:56",650.0,2,jeffreydrew
2329,16691270,"Piyal Chowdhury","2026-08-12 15:27:00",649.9,2,piyalchowdhury
2330,16641009,"Marius Kirschner","2026-08-03 08:41:47",649.9,2,mariuskirschner
2331,16664072,"victor aguilera","2026-08-12 03:35:10",649.1,2,viaguilera
2332,16664370,"Joel Arias","2026-08-06 17:29:01",648.9,1,j4rias
2333,16672657,"Lochan Naik","2026-08-07 08:41:44",648.9,2,lochannaik
2334,16668361,NinhNguyen,"2026-08-12 15:05:00",648.8,2,ninhnt110695
2335,16683918,Thuytien,"2026-08-07 17:20:33",648.2,2,thuytien200529
2336,16655072,Sonuaswar1,"2026-08-04 07:33:47",647.7,2,sonuaswar1
2337,16705441,CooperJiang,"2026-08-12 11:03:01",647.6,2,gingersna
2338,16661934,"Viacheslav Kasatkin","2026-08-10 10:48:25",647.2,2,viacheslavkasatkin
2339,16638645,ChrisDavis,"2026-08-03 23:29:34",647.0,2,alpacas
2340,16654267,maniginam,"2026-08-12 00:30:04",647.0,2,maniginam
2341,16700785,"VIVEK JAMI","2026-08-10 14:01:44",646.6,2,vivekjami
2342,16666578,STRAF,"2026-08-11 17:06:08",646.4,2,nikosstraf
2343,16664293,"Adam Lloyd","2026-08-08 22:55:41",645.6,2,alloyd256
2344,16665080,"RAVI KUMAR696996","2026-08-05 06:14:29",645.4,2,ravikumar696996
2345,16623458,datnt114,"2026-08-12 14:43:46",645.0,2,kingkong153
2346,16661596,t@got@go,"2026-08-10 06:24:24",644.6,2,kamdaanahessod
2347,16707078,"Loïc & Zach","2026-08-12 13:22:01",644.5,2,"locmmeteau,zachariedubus"
2348,16666833,DenisKoronchik,"2026-08-11 14:58:04",644.3,2,deniskoronchik
2349,16640701,momoon,"2026-08-06 14:51:58",644.3,2,nomuraryota
2350,16676663,"This cat is called Fumi","2026-08-11 18:21:43",644.1,2,qwer556617123
2351,16664683,"Halapeño Farms","2026-08-12 02:22:35",643.6,2,haladaj
2352,16696020,"Hugo Voisin","2026-08-11 16:08:06",643.3,2,hugovoisin
2353,16647607,pumpkin,"2026-08-07 13:57:58",642.8,2,gealachpumpkin
2354,16640504,"Recep Öztürk","2026-08-06 11:38:41",642.5,2,rcpztrrk1
2355,16709880,"Javier Pérez Robles","2026-08-12 13:17:36",640.8,2,javierprezrobles
2356,16675997,"Rintaro Moriwaki","2026-08-06 15:52:11",640.7,2,rintaromoriwaki
2357,16677585,Pan,"2026-08-07 13:54:22",640.4,2,mehdiacho
2358,16685582,Wasaanyi,"2026-08-12 16:02:34",640.3,2,"cnakakeeto,wasaanyi"
2359,16706413,"Song Research","2026-08-12 07:55:42",640.3,2,sangbong91
2360,16657601,Simon,"2026-08-05 15:59:44",640.0,2,benten10
2361,16677360,"Jatin Chawla","2026-08-08 13:45:06",639.8,2,jatin221
2362,16654970,"Maycon Coutinho","2026-08-10 15:26:47",639.5,2,coutinhomaycon
2363,16675661,June_mk,"2026-08-11 00:16:10",639.3,2,jungoto
2364,16675477,"Joanne Yun","2026-08-07 13:40:53",638.7,2,joannejyun
2365,16708625,"Lê Văn Pháp","2026-08-12 11:37:44",638.6,2,lvnphp
2366,16633069,"Nur Srijan","2026-08-06 12:55:34",638.0,2,nursrijan
2367,16664116,"Bogdan Sburlea","2026-08-12 14:46:21",637.8,2,bogdan1405
2368,16659210,HASHP100D,"2026-08-08 15:22:24",637.3,2,hashp100d
2369,16711868,"Mark Cooper","2026-08-12 10:48:05",636.7,2,markjcooper
2370,16663963,M0h4m3d-Byte,"2026-08-12 15:26:59",636.5,2,dev3mohamed
2371,16669843,"hikaru kitagawa","2026-08-11 03:54:39",636.2,2,hikarukitagawa
2372,16664140,Sxwat,"2026-08-07 08:57:23",635.9,2,aybatov
2373,16627463,dnish,"2026-08-05 07:37:16",635.6,2,dnishio
2374,16639244,"Romone Dunlop","2026-08-11 10:19:49",635.6,2,romonedunlop
2375,16656107,Aotokitsuruya,"2026-08-12 13:56:50",635.5,2,elct9620
2376,16705415,"Mauro Najera","2026-08-11 05:30:13",634.1,2,mauronajera
2377,16665364,"Shien Zhang","2026-08-06 06:50:46",633.8,1,shienzhang
2378,16698103,JJ,"2026-08-10 02:21:50",633.5,2,jianjinchen
2379,16664211,"Ben Wilson","2026-08-06 23:57:29",633.2,2,crispyryse
2380,16674308,"Ayush Roy","2026-08-06 20:28:57",632.7,2,ayushroy39
2381,16673266,Preet,"2026-08-11 12:23:53",632.7,2,hpkaur34
2382,16669699,nikesh23,"2026-08-08 01:52:56",632.0,2,nikesh23
2383,16621499,"Alexandr Utkov","2026-08-01 00:21:43",631.4,2,alexandrutkov
2384,16661994,"Suvrat Rai","2026-08-09 12:19:26",630.7,2,suvrat11rai
2385,16656689,"Vansh Gupta","2026-08-11 08:56:56",630.6,2,vanshrl9ine
2386,16663188,"Ethan Feng","2026-08-05 22:09:38",630.4,2,xenon111231
2387,16656709,"Anh-Vu Mai-Nguyen","2026-08-12 00:05:45",630.2,2,mainguyenanhvu
2388,16667565,BeeDeeR,"2026-08-11 01:01:40",630.2,2,beedeer
2389,16668154,JuanEspana,"2026-08-09 11:38:32",629.8,2,juanespana
2390,16713457,"Hiep Tran","2026-08-12 16:36:26",629.7,1,trnhip
2391,16631919,"Ghinwa Allaoui","2026-08-04 16:27:17",629.1,1,ghinwaallaoui
2392,16661507,Siddharth1984,"2026-08-06 13:39:22",629.0,2,siddharth1984
2393,16632100,"Mohit Shirke","2026-08-07 17:55:11",628.8,2,orcivion
2394,16674174,"Ramesh Arvind","2026-08-09 09:48:49",628.5,2,rameshln
2395,16700510,Gaurav_065,"2026-08-11 12:11:27",628.2,2,gaurav065
2396,16664359,"Apil Khadka","2026-08-06 12:55:47",628.1,2,apilkhadka
2397,16630548,"YJ Wee 2807","2026-08-09 13:35:27",627.2,2,yjwee2807
2398,16656470,Glimmeron,"2026-08-12 02:01:48",626.9,2,rishabhraushan
2399,16659261,PromptEngineer48,"2026-08-04 16:44:46",626.9,2,promptengineer48
2400,16693342,takemo,"2026-08-12 11:46:28",626.8,2,takemoriyuto
2401,16712459,松原琉喜,"2026-08-12 15:34:50",626.5,2,ryuki12kyo
2402,16665919,"Labmem Tang","2026-08-12 16:35:38",625.8,2,labmemtang
2403,16665511,phoenix_merk,"2026-08-05 09:46:25",625.7,2,phoenixmerk
2404,16662741,"Abhiraj Govind","2026-08-04 18:01:16",625.7,1,abhirajgovind
2405,16628487,"Koichi HIRAOKA","2026-08-01 08:42:40",625.6,2,koichihiraoka
2406,16635509,simmons1025,"2026-08-11 09:28:42",625.6,2,simmons1025
2407,16661397,"T. Scharf","2026-08-05 02:54:36",625.4,2,scharf
2408,16690020,shantaitichu,"2026-08-11 18:57:10",625.3,2,shantaitichu
2409,16644577,"Arthur Merritt","2026-08-04 07:11:11",624.9,2,jarthuph
2410,16668612,"raffael prem","2026-08-06 08:02:13",624.9,2,raffaelprem
2411,16705661,"Toshiki Touda","2026-08-12 01:20:02",624.8,2,toshikitouda
2412,16632105,"shreyas sangalad","2026-08-02 12:01:08",624.7,2,spoortisangalad
2413,16662995,"carlos mario de oro aguado","2026-08-06 21:08:28",624.7,2,cdeoroaguado
2414,16664706,olivbhxf,"2026-08-06 07:10:34",624.6,2,olivbhxf
2415,16662043,"Hengcong Zhu","2026-08-05 14:46:24",624.4,2,hengcongzhu
2416,16694171,"guanran wang","2026-08-11 05:57:12",624.2,2,guanranwang
2417,16682984,"Rishikesh Bharat Koli","2026-08-08 04:18:06",624.0,2,rishikeshbharatkoli
2418,16662722,"Ajeet Jain","2026-08-07 06:32:10",623.8,2,jainajeet29
2419,16631981,"Karen Letir","2026-08-10 09:21:51",623.8,2,karenletir
2420,16665257,"Ken Li","2026-08-09 12:59:32",623.6,2,kenliwt
2421,16690988,"Aditya Bharadwaj","2026-08-11 13:49:15",623.3,2,adityabharadwaj26
2422,16637649,cameronezrajones579,"2026-08-09 15:07:32",623.3,2,cameronezrajones579
2423,16666637,"Uttam Limbani","2026-08-07 13:41:14",623.2,2,uttamlimbani
2424,16685652,LeonDuue,"2026-08-11 22:47:49",622.8,2,leonduue
2425,16664841,vohi01,"2026-08-12 11:20:16",622.7,2,vohi01
2426,16683934,"Teja Madala","2026-08-10 14:46:07",622.6,2,tejamadala
2427,16670504,Shirabe,"2026-08-10 20:34:44",622.6,2,carlmakt
2428,16692896,"Guy Lev","2026-08-12 09:14:10",622.0,2,sarthobi
2429,16683309,"Zealous Sebastian","2026-08-09 12:45:32",621.5,2,zealoussebastian
2430,16662060,"Richard Valino","2026-08-06 16:03:36",621.0,2,richardvalino
2431,16705363,"Matt Hall","2026-08-12 16:01:07",620.9,2,matthall0
2432,16642036,enddl22,"2026-08-12 02:55:36",620.7,2,enddl22
2433,16658627,"Osman Can ÇETLENBİK","2026-08-05 15:25:30",620.5,2,osmancancet
2434,16710672,"Yasemin Koç","2026-08-12 11:47:18",620.5,2,yaseminmkoc
2435,16689372,"Kiran Yerpude","2026-08-12 05:39:43",620.3,2,kiranyerpude
2436,16667025,"Anjitha Mekkayil Anand ","2026-08-12 10:16:22",619.7,2,anjithamekkayilanand
2437,16682869,"Sepideh Rahmati","2026-08-12 08:10:46",619.5,2,sepidehrahmati
2438,16663618,Anthaus,"2026-08-09 17:06:35",619.2,2,anthaus
2439,16670218,"What is Coding?","2026-08-07 01:47:17",619.2,2,matthewshvarts
2440,16659183,"Leonard Yaw Mensah","2026-08-05 02:22:25",619.0,2,leonardyawmensah
2441,16668108,"Suresh Chandra Mangena","2026-08-11 09:32:31",618.7,2,sureshchandramangena
2442,16703315,"Ryan Triplett","2026-08-12 14:04:34",618.5,2,ryantriplett
2443,16644410,"Swaroop Kallakuri","2026-08-04 15:40:29",618.4,2,ksjpswaroop
2444,16668324,"Alden Jenish S","2026-08-06 14:02:09",618.4,2,aldenjenishs
2445,16672473,goldfish,"2026-08-12 02:11:24",618.3,2,dolgfish
2446,16664502,"Alejandro Morales","2026-08-10 01:05:59",617.7,2,langley96
2447,16682707,"AJAY KUMAR","2026-08-07 19:13:08",617.6,2,worldsslayer
2448,16640399,Hubbahub,"2026-08-04 20:40:39",617.5,2,hubbahub
2449,16660089,ChristosGrigoras,"2026-08-07 22:41:49",617.5,2,cgrigoras
2450,16656797,"رحيم محمد","2026-08-04 20:05:45",617.2,2,darkmaxedwe
2451,16702281,"Dhruv Patel #2","2026-08-10 21:25:08",616.6,2,dhruvpatel1972
2452,16655069,"Jason Harrison","2026-08-05 20:56:59",616.3,2,jasonharrisonco
2453,16702482,"Carlos Navarro","2026-08-11 23:30:15",616.2,2,navarr0
2454,16710521,"Natpaphon Nukhunthod","2026-08-12 08:45:13",615.8,2,natpaphonnukhunthod
2455,16673359,hasshi7965,"2026-08-07 01:48:10",615.6,2,hasshi7965
2456,16695400,"Karam Khasawneh","2026-08-10 20:29:16",615.3,2,karamkhasawneh
2457,16632368,"Yuelin Bai","2026-08-03 08:15:12",615.1,2,paralym
2458,16693738,"Sonu Jha","2026-08-09 05:47:45",615.0,2,sonujha090
2459,16673214,Boiga7,"2026-08-06 14:03:53",614.7,2,lewiselliot
2460,16701250,T00bii,"2026-08-11 16:11:06",614.4,1,t00bii
2461,16631480,"Kumar Abhijeet","2026-07-31 13:29:40",614.1,1,krabhijeet
2462,16694710,ponsuk,"2026-08-11 05:40:05",614.1,2,ponsuk
2463,16658925,CYBWithFlourish,"2026-08-06 15:56:28",611.8,2,cybwithflourish
2464,16665865,"Agrippa Beaulieu","2026-08-08 19:09:28",611.4,2,agrippabeaulieu
2465,16678154,"Hashim Far","2026-08-08 04:20:32",611.3,2,hashimfar
2466,16695102,whitelok,"2026-08-11 12:54:41",611.1,2,whitelok
2467,16685570,"Micah Fernando","2026-08-07 19:46:31",610.8,2,micahfernando
2468,16666784,"Michał Łapiński","2026-08-06 13:30:00",610.7,2,michaapiski
2469,16649077,"Yifan Yang 135","2026-08-11 06:22:40",610.6,2,yifanyang135
2470,16656410,Sam,"2026-08-11 04:54:04",610.4,2,beartrader
2471,16672105,"Natural Stupidity","2026-08-10 19:39:53",610.3,2,"parthb21,sujaygolla"
2472,16680562,devsloppy,"2026-08-10 20:02:19",610.2,2,twu1738
2473,16622809,"German Vdovin","2026-08-03 00:38:01",610.1,2,ertrerhtytmnbdsefdw
2474,16695691,neural-canvas,"2026-08-12 16:38:47",609.9,2,mrsanap
2475,16630784,"🚜 Sub-Par Seedlings","2026-08-11 08:39:26",609.8,2,"dwellement0baser,michaellist,oneupkiwi,wilhelmberghammer"
2476,16668589,"Gleb Naumkin","2026-08-05 22:46:26",609.7,1,glebnaumkin
2477,16652904,TonightIsOver,"2026-08-12 12:16:59",609.7,2,tonightisover
2478,16692168,"Kinshuk Aggarwal","2026-08-09 04:23:32",609.5,1,kinshukaggarwal
2479,16664608,sid,"2026-08-07 18:18:04",608.7,2,sidshastri04
2480,16668698,Addie,"2026-08-08 05:21:08",608.7,1,addie999
2481,16679144,つるげーねふ,"2026-08-12 12:57:29",608.5,2,atom7666
2482,16665471,"Dennis Navamani","2026-08-11 12:16:08",608.4,2,dennisnavamani
2483,16692644,"Achille Gohin","2026-08-10 00:26:26",608.4,2,achillegohin
2484,16701046,"Thanakorn Kaewwiang","2026-08-12 04:02:08",608.3,2,deweytng
2485,16685722,"Jiahan Cao","2026-08-12 09:01:22",607.9,2,jiahancao
2486,16663999,"Colton Martin","2026-08-11 20:53:18",607.8,2,coltonmartinnn
2487,16675952,"Stephan Hahn","2026-08-09 12:57:14",607.6,2,stephanhahn16
2488,16645302,LuCcc,"2026-08-03 09:45:35",607.2,2,luuuuccccc
2489,16697891,KuziJA,"2026-08-10 21:36:39",606.8,2,kuzija
2490,16657681,"Prince Raj","2026-08-11 22:49:02",606.8,2,princerajmdb
2491,16658031,BSam79,"2026-08-10 07:03:49",606.3,2,bsam79
2492,16686645,Ornaat,"2026-08-11 20:51:55",606.0,2,ornaat
2493,16676259,Th_Gbay,"2026-08-12 15:33:08",605.6,2,thgbay
2494,16660081,fakyyy,"2026-08-09 11:19:15",605.4,2,manideepreddyakula
2495,16661460,Lucky,"2026-08-09 13:17:39",605.2,2,tmiya0107
2496,16663922,MoongladeAI,"2026-08-11 18:18:11",604.7,2,moongladeai
2497,16641536,"Michael Timbs","2026-08-11 06:40:53",604.4,2,michaeltimbs
2498,16654485,"Mahbub Alam","2026-08-04 02:08:23",603.9,2,mahbubalam214
2499,16657929,Robert-zwr,"2026-08-05 11:15:48",603.3,1,robertzwr
2500,16706576,"Mika Kohinata68","2026-08-12 14:05:19",603.2,2,"liuziyang1016,mikakohinata68"
2501,16654885,"Jason Kong","2026-08-04 06:52:19",603.1,2,jasonkongie
2502,16684012,ceh,"2026-08-08 12:29:16",603.0,2,emilhessman
2503,16656792,"Gnanaprakash R","2026-08-11 02:33:51",602.9,2,gnanaprakashr
2504,16691628,"Gavin Walsh (N1DGE11)","2026-08-08 16:07:24",602.4,2,gavinwalshn1dge11
2505,16705183,"Tong Jiakai","2026-08-12 15:58:53",602.3,2,tongjiakai
2506,16685028,"serene ng","2026-08-12 07:43:38",602.0,2,sereneng
2507,16638823,YDDDDDD999,"2026-08-02 14:01:40",601.8,2,ydddddd999
2508,16681637,nasu01,"2026-08-07 10:14:10",601.6,2,nasu01
2509,16659663,Chintakrinda_Naveen,"2026-08-12 09:31:43",600.8,2,naveen998
2510,16662647,"Ruben Maya","2026-08-09 11:59:51",600.7,2,rubenmaya
2511,16661443,"STEPHEN ASANTE OPOKU","2026-08-04 16:45:41",600.5,1,stephenasanteopoku
2512,16669643,"Athenix Kaggriculture","2026-08-08 02:23:22",600.2,2,sdafdsfsdfgdsg
2513,16659505,"Duleeka Mevan","2026-08-06 09:32:46",600.2,2,duleekamevan
2514,16712902,"Ethan Benjamin Cole","2026-08-12 16:49:39",600.0,2,ethanbenjamincole
2515,16665281,"[Deleted] 899172b8-e148-4564-ba8c-c46356105ab8","2026-08-05 09:55:11",599.9,2,del=cd7e9a4014b872ef
2516,16668688,"Nezihe Sözen","2026-08-07 10:47:51",599.8,2,nezihesozen
2517,16655080,"Mohamed Judi","2026-08-11 12:20:50",599.8,2,mhjudi
2518,16664439,"Tony Thekkedath","2026-08-12 02:36:40",599.3,2,thekke
2519,16654196,"Aryaman Chokhani","2026-08-12 10:31:12",599.3,2,aryamanchokhani
2520,16659681,"Aditya Seth","2026-08-12 06:48:20",599.3,2,adityaseth777
2521,16661930,zzangsunghyeon,"2026-08-08 16:22:21",598.7,2,zzangsunghyeon
2522,16677518,"Khor Yin Loon","2026-08-09 15:46:09",598.3,2,khoryinloon
2523,16661432,"Ange Adantchede","2026-08-06 02:19:57",598.2,2,angeadantchede
2524,16624506,zhongtian,"2026-08-10 03:54:37",598.2,2,kmtbang
2525,16659294,"Muhammad Rafzan","2026-08-08 10:56:32",598.0,2,revianalfariz
2526,16670719,SimoImane,"2026-08-05 23:36:09",597.3,2,simoimane
2527,16661950,moonmelonpizza,"2026-08-09 12:25:23",597.1,2,moonmelonpizza
2528,16661105,"Vignesh Murugan","2026-08-04 19:57:46",597.1,2,vigneshv1cky
2529,16645870,"Barathan Aslan","2026-08-03 08:21:55",597.0,2,barathanaslan
2530,16678613,iBooNDK,"2026-08-09 19:03:37",596.9,2,iboondk
2531,16663210,"Marco Nasuelli","2026-08-08 19:19:54",596.8,2,marconasuelli
2532,16680799,zixma13,"2026-08-10 11:25:29",596.4,2,zixma13
2533,16709435,"Artyom Lyan","2026-08-12 08:22:28",595.9,2,arli2016
2534,16668137,"Thomas De Sousa","2026-08-06 06:34:48",595.9,2,thomasdesousa
2535,16659286,shane18,"2026-08-11 07:56:50",595.9,2,shane18
2536,16632157,"福原 大知","2026-08-03 06:46:04",595.9,2,fxxyfox
2537,16678644,"Kanik Aggarwal","2026-08-10 21:51:15",595.6,2,roronoazoro200
2538,16706277,"ratat Zheng","2026-08-12 10:25:38",595.5,2,ratatzheng
2539,16655663,"Farmland Destroyer","2026-08-07 05:40:26",595.5,2,minghaopang
2540,16633934,Alexy,"2026-08-10 08:24:31",595.0,2,alexycactus
2541,16623006,"Aaradhy Singhvi","2026-08-11 23:29:04",594.4,2,aaradhysinghvi
2542,16665374,UmangDobhal03,"2026-08-06 03:46:29",594.3,2,umangdobhal03
2543,16656641,AndrewEly8,"2026-08-05 00:56:32",593.8,2,andrewely8
2544,16699207,"Bipin Rimal","2026-08-10 07:45:21",593.8,2,bipinrimal314
2545,16688662,"Faz Forward","2026-08-08 09:03:10",593.5,2,fazforward
2546,16696231,"Oleg Smirnov","2026-08-09 19:22:20",592.6,2,smirnolegov
2547,16674599,"Luka Duvanov","2026-08-11 12:18:07",592.3,1,nekkon
2548,16665191,JoJa,"2026-08-12 04:00:31",592.2,2,"mojyou,noahzx"
2549,16623824,zhangende02,"2026-08-01 01:15:21",592.0,2,zhangende02
2550,16696208,"kazwzn S","2026-08-12 12:12:46",592.0,2,kazwzns
2551,16646286,"C Aravindhan","2026-08-04 05:03:22",590.8,2,caravindhan
2552,16631547,"Chong Xuan Ng","2026-08-08 15:38:52",590.1,2,chongxuanng
2553,16707159,"Toua Innocent TIA","2026-08-11 21:03:21",590.0,2,centino
2554,16663267,"Sravya Isukapatla","2026-08-11 10:14:54",590.0,2,sravyaisukapatla
2555,16666716,"Fanis Alexakis","2026-08-10 12:50:47",589.6,2,fanisalexakis
2556,16657664,"Nguyễn Anh Kiệt 28","2026-08-06 04:17:40",589.4,2,nguynanhkit28
2557,16659309,irisV11,"2026-08-09 17:02:14",589.2,2,irisv11
2558,16681464,Amyel21,"2026-08-12 11:05:20",589.1,2,amyel21
2559,16672168,"Justin Rutkowski","2026-08-12 07:47:43",588.9,2,justinrutkowski
2560,16693045,"Huseyin Battal","2026-08-09 05:41:25",588.8,2,huseyinbattal
2561,16667078,dprinzensteiner,"2026-08-05 14:06:26",588.6,2,dprinzensteiner
2562,16670634,"Narayan Sharan","2026-08-07 21:13:42",588.5,2,narayansharan
2563,16687294,"Madiyar Khamzanov","2026-08-11 18:37:13",588.1,2,mkhamzanov
2564,16679098,"KIRTAN RUPESHBHAI BHOJANI","2026-08-06 23:51:52",588.0,2,kitran17
2565,16687925,BillDoser,"2026-08-08 23:54:31",587.9,2,billdoser
2566,16662938,CarlitrosParra,"2026-08-05 21:34:52",587.5,2,carlitrosparra
2567,16672095,"Friaseus ","2026-08-12 13:17:19",587.5,2,friaseus
2568,16693431,Jonewang,"2026-08-12 04:16:35",587.2,2,jone520
2569,16654984,"Guseinov Elvin","2026-08-08 21:44:00",586.9,2,guseinovelvin
2570,16675461,mins0_0,"2026-08-12 14:29:08",586.8,2,mins00
2571,16627324,"Attack on Kaggle","2026-08-06 13:27:22",586.3,2,user19394494
2572,16623198,"Chris D'Mello (ineligible)","2026-07-31 17:32:46",586.2,1,cdmello
2573,16681778,kzeus@003,"2026-08-12 05:12:15",585.8,2,kzeus003
2574,16664096,"Charles Coonce","2026-08-08 18:58:55",585.5,2,charlescoonce
2575,16705242,"Chonghao Peng","2026-08-12 13:30:21",585.2,2,chonghaopeng
2576,16639731,williamrawling,"2026-08-07 17:09:21",585.0,2,williamrawling
2577,16658115,SantaClaws,"2026-08-10 14:50:31",584.4,2,vovikdrg
2578,16682632,Sebastiaan,"2026-08-11 11:42:56",584.3,2,sebastiaanreinders
2579,16668071,"Ali Eren Oğuztaş","2026-08-12 00:11:09",584.0,2,alierenouzta
2580,16676534,AlphaBound,"2026-08-12 11:17:18",583.8,2,somsubhrometya
2581,16661682,"Rishi Gupta","2026-08-05 07:46:38",583.5,2,rishigupta07
2582,16621437,AdamBelniak,"2026-08-03 18:15:21",583.4,2,adamos581
2583,16668711,"David Leati","2026-08-10 16:50:59",583.4,1,davidleati
2584,16692450,duckypants,"2026-08-10 20:38:05",583.3,2,duckypants
2585,16696703,"Aleksei Churashev","2026-08-09 21:51:09",583.3,1,alekseic
2586,16668606,"Hasith Kulathilaka","2026-08-10 08:57:08",583.2,2,hasithkulathilaka
2587,16663622,sammuq1,"2026-08-10 23:56:19",582.5,2,sammuq1
2588,16633577,Boxy,"2026-08-10 02:52:14",581.5,2,boxyml
2589,16655600,"VYSHAKH G NAIR","2026-08-04 21:31:24",581.1,2,vyshakhgnair
2590,16636973,"Ali Ali G","2026-08-03 18:36:40",581.0,2,alialig
2591,16621367,Numari,"2026-07-31 16:30:01",580.8,2,numaritaisei
2592,16655109,"Tia He","2026-08-11 02:03:17",580.8,2,altheahe
2593,16709295,"Isaac Owomugisha","2026-08-12 00:10:08",580.6,2,cmplxxyttmt
2594,16697941,"Raphael Coelho","2026-08-11 01:31:05",580.2,2,raphaelrrcoelho
2595,16686902,"Aaditya Jain","2026-08-10 08:59:33",580.0,1,aadityajain2312
2596,16661014,manu,"2026-08-11 15:40:23",579.3,2,manupandit
2597,16685014,"Vishal Kishore","2026-08-10 08:54:53",579.1,2,kishorevishal
2598,16627009,c0sm1c,"2026-08-01 11:06:14",579.0,1,tanghao111
2599,16664221,Anish,"2026-08-12 02:40:15",578.9,2,anishmunje
2600,16623263,ASHML,"2026-07-30 23:28:50",578.7,2,ashml
2601,16669117,"Shrikant Lambe","2026-08-10 23:31:50",578.0,2,shrikantlambe
2602,16700080,Kaushik,"2026-08-10 11:11:18",577.5,2,kgarumugam
2603,16660485,"Colin Gaffney","2026-08-09 12:54:31",577.5,2,colingaffney1
2604,16690793,"MOHAMMAD ALRASHED","2026-08-08 18:33:34",577.1,2,mohammadalrashed
2605,16675060,"Xinger Gao","2026-08-08 10:09:13",576.9,2,xingergao
2606,16665436,Aeternum,"2026-08-06 20:14:13",576.9,2,"donbinoy2004,surajkumarks"
2607,16661360,"Jasper Jiss","2026-08-09 18:22:55",576.7,2,jasperjiss
2608,16658476,"goksel yesiller","2026-08-04 11:07:53",576.6,2,gokselyesiller
2609,16654312,Xmeeeee,"2026-08-05 00:11:29",576.6,2,xmeeeee
2610,16684031,"Phillip Kamundia","2026-08-12 09:54:37",576.2,2,phillipkamundia
2611,16661233,"Uriel Johnson","2026-08-05 08:45:24",576.0,2,urieljohnson
2612,16654347,"aarav maheshwari1","2026-08-05 01:48:28",575.7,2,aaravmaheshwari1
2613,16661402,"Abin Biju","2026-08-11 18:00:35",575.4,2,abinbiju1
2614,16692128,gibocx,"2026-08-10 18:10:34",574.9,2,gibocx
2615,16623646,"Minal kharat123","2026-08-06 15:42:39",574.9,2,minalkharat123
2616,16698292,"Dallas Manning","2026-08-12 06:22:17",574.8,1,dallasmanning
2617,16640516,"Alfandi Hassan","2026-08-08 03:41:33",574.5,2,alfandihassan
2618,16665184,woorym,"2026-08-10 03:04:12",573.7,2,woorym
2619,16629002,Alpro,"2026-08-12 15:15:28",573.5,2,"dogaakal,egekemalkaraca"
2620,16695692,Saadii2279,"2026-08-11 16:44:39",573.4,2,saadii2279
2621,16663594,"NGU BLACK SANTA","2026-08-05 15:23:10",573.4,2,ngublacksanta
2622,16623712,Dapp,"2026-08-03 23:09:19",573.1,2,lgloria
2623,16692263,"ADITYA CHAVAN","2026-08-09 17:44:15",572.8,2,adityasnr7
2624,16657657,ArnabKarmakar,"2026-08-12 07:57:30",572.5,2,arnabkarmakar
2625,16630520,dimitris_x94,"2026-08-11 22:39:38",572.5,2,dimitrisx94
2626,16625216,"Emre Can","2026-08-01 17:05:51",572.4,2,seicatsu
2627,16658521,"Vishal Dhariwal","2026-08-08 11:43:36",572.1,2,user412
2628,16654640,"Halil Akbas","2026-08-11 00:47:19",572.0,2,halilbrahimakbas
2629,16663976,"wangyang denis","2026-08-12 06:26:08",571.7,2,wangyangdenis
2630,16660060,AnkitGoyal,"2026-08-05 15:33:29",571.4,2,goyalankit
2631,16699707,"Afana Khalit putra","2026-08-11 08:57:25",571.1,2,afanakhalitputra
2632,16654974,"ACd Rooy","2026-08-11 06:35:28",570.3,2,acdrooy
2633,16663327,Gnr8tr,"2026-08-12 13:46:58",570.0,2,wilburjpereira
2634,16653809,acbabc123,"2026-08-04 13:53:53",570.0,2,acbabc123
2635,16638967,"Jenny Luo","2026-08-01 23:55:07",570.0,2,"jennyluo96,kyeoh92"
2636,16621572,"Abdulazeez AbdulMumeen","2026-08-05 10:59:27",569.5,2,ayobeen
2637,16660361,"Abhishek Sharma","2026-08-12 07:30:16",568.9,2,abhisheksharma425
2638,16661073,PyJa,"2026-08-04 15:16:55",568.7,1,pixiux
2639,16686093,"Muhammad Usman Butt","2026-08-07 22:00:04",568.7,2,debugdemon
2640,16701367,CryptoQuant1992,"2026-08-11 13:04:12",568.6,2,cryptoquant1992
2641,16683390,Christopher34,"2026-08-08 00:20:59",568.2,2,christopher34
2642,16651872,Evgen21,"2026-08-05 14:03:50",567.6,2,evgen21
2643,16657528,"Symekah Shadrack Basweti","2026-08-05 10:17:09",567.6,2,symekah99
2644,16638781,itsuki-data,"2026-08-11 08:50:05",567.5,2,itsuki89
2645,16662985,DanTheDataScienceMan,"2026-08-05 17:40:06",566.7,1,danthedatascienceman
2646,16623370,kenmatsu4,"2026-08-08 18:09:18",566.6,2,kenmatsu4
2647,16660330,wangyikai,"2026-08-09 07:59:45",566.5,2,wangyik
2648,16708409,toshiconner,"2026-08-12 06:30:06",566.4,2,toshiconner
2649,16678773,"Steve Probst","2026-08-12 13:24:11",566.4,2,steveprobst
2650,16662790,"Derek Earnhart","2026-08-04 18:04:01",566.1,1,derekearnhart
2651,16687602,"jithin manoj","2026-08-12 13:00:23",566.1,2,jithingmanoj
2652,16695695,"Siva Kumar","2026-08-12 16:26:00",565.3,2,sivapnlr80
2653,16709115,"PARK HYUNSIK","2026-08-12 07:22:59",565.2,2,hyunsikpark
2654,16632855,Shreyash_Automation,"2026-08-05 06:33:43",564.9,2,shreyashautomation
2655,16640814,"Kritika Adhikari","2026-08-07 09:25:26",564.3,2,kritikaadhikari
2656,16671602,"Nithin Nambi","2026-08-07 00:09:31",564.0,2,nitthewit
2657,16679771,Coolgolf,"2026-08-10 16:12:33",564.0,2,coolgolf
2658,16699633,Nafmo,"2026-08-11 17:10:53",563.9,2,nafmo2
2659,16657276,"Пётр П","2026-08-07 14:08:52",563.8,2,petrinvest
2660,16661628,PradipBanerjee,"2026-08-05 21:03:11",563.6,2,pradipbanerjee
2661,16693522,shadycoderalltime,"2026-08-09 06:09:31",563.5,2,shadycoderalltime
2662,16666071,"Arda Yıldız","2026-08-08 12:04:11",563.1,2,xreina8
2663,16638883,LeiYang,"2026-08-03 15:04:07",563.0,2,leiyangcq
2664,16683288,HuaLQin,"2026-08-11 07:25:29",562.3,2,hualqin
2665,16625808,"Etsushi Yamamoto","2026-08-09 16:50:41",562.2,2,etsushiyamamoto
2666,16635055,CHCHENTW,"2026-08-11 10:21:29",562.2,2,chchentw
2667,16711317,"yf D","2026-08-12 15:54:48",561.6,2,dengvitruviano
2668,16657312,"baolood herid","2026-08-06 13:13:48",561.5,2,baoloodherid
2669,16661287,"Jacob Hanlon","2026-08-11 13:59:58",560.7,2,jacobhanlon
2670,16659080,VENKY,"2026-08-07 17:22:03",560.2,2,venkateshthatha
2671,16692138,"Bishwa Thakur","2026-08-11 09:20:46",559.7,2,bishwathakur
2672,16655555,Bharath2411,"2026-08-10 18:27:54",559.5,2,bharath2411
2673,16665040,"Arnav Yashlaha","2026-08-05 05:44:26",559.1,2,arnavyashlaha
2674,16657401,korpo,"2026-08-12 15:46:32",558.5,1,krisko
2675,16659520,"Play Code","2026-08-05 14:28:00",558.4,2,codenya
2676,16704985,"Ethan Marchisano","2026-08-11 21:31:07",558.2,2,ethanmarchisano
2677,16707561,"Nick Rom111","2026-08-12 12:44:08",558.1,2,nickrom111
2678,16688134,"Marc Dakuginow","2026-08-12 02:19:27",557.9,2,marcdakuginow
2679,16661323,mzyktkhs,"2026-08-10 13:21:59",557.5,2,mzyktkhs
2680,16664251,zzy123123,"2026-08-08 09:22:51",557.4,2,zzy123123
2681,16657383,"Shih Hua Chou","2026-08-05 06:08:49",557.1,2,shihhuachou
2682,16623271,"William Morley","2026-07-31 10:09:16",557.1,2,williamkmorley
2683,16697736,"Daniel Correa","2026-08-10 01:04:52",556.7,2,dcorrea1
2684,16701871,"Raj Nandan","2026-08-10 15:13:30",556.7,1,imrajnandan
2685,16682336,"Çınar Efe Yetişen (Student)","2026-08-12 14:26:06",556.5,2,narefeyetienstudent
2686,16640965,jidaoluckey,"2026-08-08 07:10:45",556.3,2,jidaoluckey
2687,16654394,sserges,"2026-08-08 20:46:14",556.2,2,sserges
2688,16644053,Rafiozoo,"2026-08-03 19:26:40",556.1,2,rafiozoo
2689,16664558,"Praneeth Annapureddy","2026-08-05 04:52:45",556.1,2,praneethannapureddy
2690,16689183,Hawksartelier,"2026-08-12 04:12:33",556.0,2,satyapb2002
2691,16657201,ShayML,"2026-08-08 09:02:05",555.9,2,shayml
2692,16687716,"Joshua Fernando","2026-08-09 06:52:01",555.8,2,joshuafernandoj
2693,16676497,"Non-veg plants","2026-08-07 09:54:00",555.6,2,mohammadshadabshaikh
2694,16675631,"Aswini Gowda","2026-08-10 05:37:33",554.2,2,aswinigowda
2695,16705510,"Palak Choudhary","2026-08-11 07:12:44",553.8,2,palak2564
2696,16639679,"Felix Allistar","2026-08-12 14:35:53",553.8,2,felixallistar
2697,16676025,"Csaba József","2026-08-10 20:10:18",553.7,2,"jcsaba,peterkiss4"
2698,16624824,GoofyGenius,"2026-08-04 09:36:00",553.5,2,goofygenius
2699,16668093,Sai_Dattu,"2026-08-07 07:35:01",553.3,2,saidattu2003
2700,16670986,"Anas Erami","2026-08-08 01:38:43",552.7,2,anaserami
2701,16668185,"Swayam Chavan","2026-08-09 01:12:23",552.3,2,swamboy
2702,16711918,"Pavel Filin","2026-08-12 13:08:48",552.2,2,pavelfilin
2703,16666054,Ani,"2026-08-12 07:00:14",552.2,2,anirudhk333
2704,16677166,Spectrobot,"2026-08-08 11:11:46",552.0,2,spectrobot
2705,16659414,TTGP_TEAM,"2026-08-06 15:33:09",551.9,2,phttrntrnggia
2706,16704597,"Wallace Switzer","2026-08-12 01:09:49",551.8,2,wallaceswitzer
2707,16636954,"Jeff Horon","2026-08-09 05:23:46",551.7,2,jeffhoron
2708,16676482,GitLyf,"2026-08-11 11:24:34",551.3,2,"jaideva30,rohithkrishnaak"
2709,16660455,"Alex Kapend","2026-08-05 08:42:26",551.1,2,alexkapend
2710,16665949,Rbda,"2026-08-06 14:18:03",551.0,2,brazvan
2711,16687648,"RSJ CorneR","2026-08-08 10:57:54",551.0,2,rsjcorner
2712,16675493,"Ryotaro Minato","2026-08-11 07:15:19",550.3,2,ryotarominato
2713,16677524,"Phúc Phạm","2026-08-07 20:16:24",550.2,2,phucpham77
2714,16668813,zhaowang,"2026-08-06 05:19:52",550.0,2,zhaowangwang
2715,16697730,JCN2365,"2026-08-11 23:15:49",549.8,2,jcn2365
2716,16702509,KošičanSVK,"2026-08-12 16:27:12",549.7,2,ryanstoner
2717,16654401,ChronoForensics,"2026-08-08 17:26:11",549.5,2,ryanwollmuth
2718,16691524,"Martim Nascimento","2026-08-09 18:54:31",549.3,2,martimnascimento
2719,16687959,"Destin Nedjou","2026-08-10 08:52:43",549.3,2,destinnedjou
2720,16659658,"Tim Wong","2026-08-06 02:02:30",548.5,2,wai0186
2721,16630896,OpenBuilder,"2026-08-08 12:09:06",548.1,2,weijunguo
2722,16670155,Kiznaiver,"2026-08-11 22:25:12",548.1,2,kiznaiver
2723,16658377,Masaya,"2026-08-12 09:44:35",547.9,2,irrohas
2724,16634060,"Chí Thành Đỗ","2026-08-02 05:11:58",547.7,2,chithanhdeptrai
2725,16656568,"FARIATHTHEEN F","2026-08-04 11:44:49",547.6,2,fariaththeenf
2726,16702200,"ANGAD JANGIR","2026-08-11 02:01:38",547.5,2,angadjangir
2727,16661539,"Ilia Mironov","2026-08-09 13:51:47",547.3,1,millcool
2728,16627313,"Zafer Liu","2026-08-03 05:13:39",547.3,2,zaferliu
2729,16675686,"PRERIT MAURYA","2026-08-12 06:42:54",547.1,2,preritmaurya
2730,16692618,"Ali Zakaee","2026-08-09 10:13:02",547.1,1,itheequalizer
2731,16633097,"Matheus Bonjour Laviola da Silva","2026-08-02 11:08:21",546.6,2,matheusbonjour
2732,16641501,Sonal,"2026-08-08 22:07:46",546.5,2,sonalm13
2733,16668810,ZZZZGOD,"2026-08-07 19:11:09",546.4,2,zzzzgod
2734,16669170,AsadUsmanFAST,"2026-08-05 22:37:33",545.9,2,asadusmanfast
2735,16687237,Khalibryler,"2026-08-11 09:17:03",545.8,2,khalibryler
2736,16652446,"tine.sh agent","2026-08-03 14:27:07",545.7,2,sidcodegg
2737,16672333,"Giovanny Rodríguez","2026-08-06 06:15:43",545.6,1,giovannyrodrguez
2738,16665152,"Ahmed Karim","2026-08-11 19:17:46",545.4,2,versusic
2739,16671665,"Kobata Sota","2026-08-06 07:17:03",545.2,1,kobatasota
2740,16628268,toxic_2499,"2026-08-08 09:07:32",544.5,2,toxic2499
2741,16693255,"Carlos Hideo Yamaguchi","2026-08-10 00:59:12",544.4,2,carloshy
2742,16656913,"Inna Davidov","2026-08-12 11:49:14",544.4,2,innadav
2743,16675215,"Viljen Apalset Vassbø","2026-08-06 22:24:44",544.0,2,viljenapalsetvassb
2744,16662167,"Tara Singh Kharwad","2026-08-05 17:13:10",543.7,2,tarasi7261
2745,16690221,"HISOKY DEV","2026-08-10 09:42:03",543.6,2,omarfahid
2746,16675916,Lorenzo176ITA,"2026-08-08 18:03:44",543.4,2,"alessiopap,lorenzo176ita"
2747,16667722,Radhouen911,"2026-08-06 21:37:37",543.1,2,radhouen911
2748,16696593,bplyc15,"2026-08-09 16:49:24",542.8,2,bplyc15
2749,16655820,"Cory Tortorici","2026-08-08 15:20:42",542.6,2,corytortorici
2750,16681924,WEcoS,"2026-08-10 04:32:03",542.5,2,aungkhainghtun
2751,16670600,"Leon Lum","2026-08-12 12:56:14",541.9,2,leonlum
2752,16659813,"Uday Kumar R","2026-08-12 13:59:00",541.5,2,udaykumarramineni
2753,16630251,"Handry Novianto","2026-08-04 09:00:48",540.7,2,handrynovianto
2754,16683761,"Chiefmen749 Aris","2026-08-10 07:42:42",540.2,2,saysplayz
2755,16673034,"Milos Vlainic","2026-08-12 09:08:28",539.9,2,wlakinsson
2756,16625434,"Chirapathleo Saelim","2026-08-10 07:31:58",539.5,2,chirapathleosaelim
2757,16658520,drownedsnake,"2026-08-05 01:03:22",539.3,2,makerplay
2758,16658051,SethuMadhavan004,"2026-08-09 09:38:27",538.8,2,sethumadhavan004
2759,16701454,"André-Marie BEHANZIN","2026-08-11 14:59:31",538.6,2,andremariebehanzin
2760,16674266,HamYad,"2026-08-06 18:19:46",537.9,2,hamyadlab
2761,16655783,KonaKonaz,"2026-08-04 09:36:57",537.6,2,konakonaz
2762,16708880,yotsutose,"2026-08-12 02:01:49",537.5,2,yotsutose
2763,16661786,Nagaraju,"2026-08-10 01:53:04",537.3,2,orugantn
2764,16683764,bf01,"2026-08-11 23:04:35",537.2,2,jalperov
2765,16661194,"Sandeep Vanapalli","2026-08-04 15:37:06",537.1,2,mrleaf
2766,16707437,"Ivan Plekhanov","2026-08-11 12:03:11",537.1,1,nnob0dy
2767,16653429,mktdev,"2026-08-10 12:19:54",536.8,2,mktdev
2768,16707767,"Lai Eu Wen","2026-08-12 14:25:37",536.7,2,laieuwen
2769,16671940,LJazya,"2026-08-07 04:38:23",536.2,2,jihanelek
2770,16659919,"SILVISTON EMMANUEL","2026-08-06 06:51:55",535.9,2,silvistonemmanuel
2771,16664352,"Shreyash Asati","2026-08-06 10:40:56",535.9,1,shreyashasati
2772,16692373,"Ornevis Montero","2026-08-12 05:54:44",535.3,2,ornevisbolaosmontero
2773,16654175,abhiv142,"2026-08-11 13:22:03",535.0,2,abhiv142
2774,16670883,G*Sim,"2026-08-10 05:50:49",534.9,2,guillaumesimiand
2775,16705640,"Dongre Laxman","2026-08-12 12:36:29",534.9,2,dongrelaxman
2776,16632503,"Wei Hsiang Lin111","2026-08-01 07:42:33",534.1,2,weihsianglin111
2777,16652661,"Petru-Mihai Craciun","2026-08-05 14:55:07",533.8,2,petrumihaicraciun
2778,16658498,cheesama,"2026-08-04 23:36:18",533.2,2,cheesama
2779,16700627,"Benedict Ebito Boyubie","2026-08-10 11:03:38",533.1,1,bboyubie
2780,16694330,"Jack Way","2026-08-10 11:48:42",533.0,2,jackway05
2781,16698141,Zippo,"2026-08-11 15:04:57",532.9,1,gagemerrick
2782,16649339,"华东 朱","2026-08-12 10:21:50",532.6,2,mgdbzny
2783,16660484,"Waiswa Geoffrey","2026-08-12 13:36:44",532.4,2,waiswageoffrey
2784,16623515,fishcat,"2026-07-31 13:04:39",532.3,2,fishcat37
2785,16625418,"Hariprasanth Paranjothy","2026-08-01 05:52:19",532.2,2,hariprasanth8
2786,16633984,"Mongkhon Hatit","2026-08-04 11:58:56",532.1,2,mongkolhatit
2787,16677047,LINOXYR,"2026-08-07 21:24:29",532.1,2,linoxyr
2788,16667872,"Pralay Ghosh","2026-08-12 14:39:36",531.6,2,pralayghosh83
2789,16704589,"Lobato MBA IA Big Data","2026-08-12 02:30:34",531.5,2,lobatombaiabigdata
2790,16677945,"Quân Trần","2026-08-08 04:19:55",531.4,2,wuntrn
2791,16684163,MohamedFD,"2026-08-12 13:35:57",531.3,2,mohamedfd
2792,16663040,"BARBARA GASKINS","2026-08-12 01:08:47",530.7,2,barbaragaskins
2793,16683316,moonriver0922,"2026-08-11 07:04:11",530.7,2,moonriver0922
2794,16702713,"Rob Sartin","2026-08-11 19:20:59",530.7,2,robsartin
2795,16656579,"Riad Rayhan","2026-08-08 05:39:25",530.3,2,riadrayhan
2796,16689908,Hyun777,"2026-08-12 11:11:35",530.0,2,hyun777
2797,16668241,"Shreyansh Kanotra","2026-08-08 19:56:15",529.8,2,shreyanshkanotra
2798,16674950,"Davide Tonini","2026-08-08 11:27:32",529.8,2,quanttony
2799,16712007,"Dipin Kothavoor","2026-08-12 10:23:01",529.6,1,dipinkothavoor
2800,16629201,"GUILLERMO REY PANIAGUA","2026-08-01 16:41:58",529.2,2,guillermoreypaniagua
2801,16691565,"Blu cky","2026-08-09 19:13:27",528.7,2,llmdablucky
2802,16625149,Rubylicious,"2026-07-31 07:53:00",528.6,2,labibahalya
2803,16663871,"Iyed Djebbi","2026-08-07 09:25:07",528.5,2,iyeddjebbi
2804,16639916,BloomBerry,"2026-08-12 12:38:31",528.5,2,kagglepalandata
2805,16638953,"Joe Young","2026-08-03 19:23:13",528.4,2,jsphyg
2806,16663258,sawe,"2026-08-05 17:07:24",528.1,2,boiihhh
2807,16656951,"[Deleted] 6015b650-8e16-4705-8036-db40bdd2d353","2026-08-04 09:08:05",527.9,1,del=084ea76838ad756b
2808,16666596,"Daumas Benjamin","2026-08-07 21:42:06",527.5,2,daumasbenjamin
2809,16712259,geqiulin,"2026-08-12 13:51:00",527.3,2,geqiulin
2810,16658535,khanna.rohit5,"2026-08-10 05:00:31",527.2,2,khannarohit5
2811,16664327,"Maged Hegazy","2026-08-06 13:13:28",527.2,2,magedhegazy
2812,16661646,"Sergey Shcherbakov","2026-08-12 14:50:44",526.7,2,sergey140146659
2813,16623385,"ISAKA Tsuyoshi","2026-07-31 00:31:34",526.3,2,isakatsuyoshi
2814,16671425,"Gajenddra Raj","2026-08-10 09:12:28",526.3,2,gajenddra
2815,16666018,"H vv sathwik","2026-08-11 20:28:06",526.1,2,hvvsathwik
2816,16623503,"D Mohith","2026-08-01 01:06:22",525.4,2,dmohith
2817,16622842,Will,"2026-07-30 19:31:55",525.3,1,wguesdon
2818,16711567,Finnbr,"2026-08-12 08:46:39",525.3,1,finnbr
2819,16695828,rihiRule,"2026-08-11 13:40:24",525.1,2,rihirule
2820,16657054,"ömer umut güngör","2026-08-05 06:10:22",525.0,2,merumutgngr
2821,16631609,dlougen,"2026-08-04 16:40:03",524.9,2,dlougen
2822,16709337,"Chris Turnbull","2026-08-11 22:15:57",524.6,2,christurnbull
2823,16706843,"yh z","2026-08-11 09:32:56",524.5,1,yhz123456
2824,16666873,"linli duan","2026-08-12 15:06:42",524.5,2,linliduan
2825,16638651,Emre,"2026-08-05 23:40:59",524.1,2,emre690
2826,16660923,naganikshith,"2026-08-06 08:01:09",523.6,2,naganikshith
2827,16712488,"Vansh Bhura","2026-08-12 14:23:18",523.0,2,vanshbhura
2828,16630020,"Piotr Gabrys","2026-08-09 16:53:59",522.8,2,piotrekga
2829,16655881,"Zhuoran Zhao","2026-08-07 16:50:04",522.6,2,yearcakes
2830,16666447,"Shuaib ayad Jasim Jasim","2026-08-06 20:51:47",522.3,2,shuaibayadjasimjasim
2831,16713031,"Nahid Hossain Redom","2026-08-12 14:59:19",522.2,1,nahidhossainredom
2832,16681655,"Tae seong Gim","2026-08-07 04:55:34",522.1,1,taeseonggim
2833,16668522,"Moatez Litaiem","2026-08-06 16:57:54",522.0,2,moatezlitaiem04
2834,16676085,"Giordano Dolenz","2026-08-06 19:32:32",521.7,2,giordanodolenz
2835,16662495,Earth,"2026-08-11 03:03:02",521.6,2,earthearth
2836,16660287,BhatNasir,"2026-08-04 16:29:18",521.3,2,nasir94
2837,16666132,andres555,"2026-08-07 12:13:30",521.2,2,andres555
2838,16661717,"Yaswanth Ippili","2026-08-06 11:32:13",520.5,2,yaswanthippili
2839,16664004,"Me, Myself, and I","2026-08-11 03:57:46",520.3,2,notlunarxd
2840,16633507,"Ivan Vorfolomeev","2026-08-01 00:49:06",520.2,2,ivanvorfolomeev
2841,16623643,LiXingtao,"2026-07-31 01:46:36",520.2,2,lixingtao123
2842,16661249,Yaohui,"2026-08-08 11:42:08",520.1,2,yaohui85
2843,16665228,Jason_Qian,"2026-08-05 16:00:43",520.0,2,jasonqia
2844,16682906,Masiki,"2026-08-12 13:34:10",519.8,2,blackseed
2845,16623678,Mahog,"2026-08-01 01:02:12",519.5,2,mahoganybuttstrings
2846,16624414,"Chaitanya Jamble","2026-07-31 05:42:10",519.3,1,chaitanyajamble
2847,16684776,"D Rithika","2026-08-10 18:36:30",519.3,2,drithika
2848,16657545,"Deepak Singh","2026-08-11 13:50:31",519.2,2,vihaannegi
2849,16663804,"Fredy Meyer","2026-08-05 20:19:51",519.1,2,alexmeyerm
2850,16658366,kuroneko,"2026-08-04 10:43:29",518.9,2,kurorosuke
2851,16691807,lbs-vadar,"2026-08-12 14:11:30",518.8,2,lbsvadar
2852,16671773,"Sawyer Lundberg","2026-08-07 03:33:23",518.4,2,sawyerlundberg
2853,16668095,Menna_Allah_Samy12,"2026-08-08 20:07:53",518.0,2,mennaallahsamy12
2854,16667615,"Zayd Mulani","2026-08-08 23:05:57",517.9,2,zaydmulani
2855,16664406,"MURDER GOOSE","2026-08-05 09:45:33",517.9,2,ujjwalar
2856,16630418,Sriram,"2026-08-09 18:22:54",517.5,2,"ritanshuprasad,sriramlingavel01"
2857,16708573,Benser,"2026-08-11 17:26:52",517.5,1,benser
2858,16671670,"Karla Ziegler","2026-08-08 21:14:37",517.4,2,karlaziegler
2859,16659269,"Bedirhan Dinçer","2026-08-10 20:26:46",517.2,2,bedirhandiner
2860,16669434,"Saugat Kannojia","2026-08-07 11:45:47",517.0,2,saugatkannojia
2861,16674943,"Fae zamora","2026-08-12 16:02:06",516.7,2,faezamora
2862,16659588,"Priya J","2026-08-07 03:12:45",516.3,2,priyaj21
2863,16695479,Anandhasabesan,"2026-08-09 13:50:37",516.3,1,anandhasabesan
2864,16689877,Amr_Said1233,"2026-08-08 08:48:28",516.2,1,amrsaid1233
2865,16632119,nickyl,"2026-08-12 15:34:54",515.6,2,nickyjliang
2866,16662081,Ayush_Bhaskar_25323010,"2026-08-08 19:49:56",515.3,2,ayushbhaskar25323010
2867,16698029,"Meet Vachhani","2026-08-10 18:34:55",515.1,2,meetvachhani7
2868,16634239,"Radhakrishnan Guhan","2026-08-04 05:23:51",514.9,2,rmsgrk
2869,16652952,lackmind,"2026-08-07 20:19:36",514.7,2,lackmind
2870,16644415,Ztrk,"2026-08-10 22:32:07",514.6,2,ztrk123
2871,16660413,Ritesh-2006,"2026-08-04 18:22:57",514.2,2,ritesh2006
2872,16686954,"Davie Mdumuka","2026-08-09 19:40:56",514.2,1,daviemdumuka
2873,16674278,"Niels de Gier","2026-08-07 15:57:04",513.9,2,nielsdegier
2874,16689970,"Константин Паращук","2026-08-08 09:15:08",513.3,1,kangchenxi
2875,16623135,mohduwaishchaudhary,"2026-07-30 22:05:45",513.1,2,muwaish5
2876,16655316,Nader,"2026-08-10 14:49:21",512.7,2,naderamin
2877,16696939,"Keaton Zang","2026-08-10 21:24:20",512.4,1,keatonzang
2878,16696271,"Neeta Sanjay Gajabi","2026-08-09 14:48:42",512.1,2,neeta2574
2879,16660317,esgranja,"2026-08-04 18:58:48",511.9,1,esgranja
2880,16623582,yunsuxiaozi,"2026-08-01 13:59:57",511.8,2,yunsuxiaozi
2881,16705907,Adrià,"2026-08-12 07:16:22",511.6,2,adriamb3
2882,16699838,"Harry Taylor","2026-08-10 08:21:30",511.5,1,harryphysics
2883,16661990,"Olaoluwa Abiodun","2026-08-05 14:57:07",511.5,2,laoluwaa
2884,16678633,"Tanishq Tayade","2026-08-11 10:29:59",510.9,1,tanishqtayade
2885,16656156,"Kshitij aucharmal","2026-08-06 04:35:27",510.8,2,narutoaucharmal
2886,16623524,"Marcus Vinicius","2026-08-10 17:20:23",510.7,1,marcux777
2887,16666958,TinkerBotics,"2026-08-05 20:29:19",510.6,2,salosojaedwin
2888,16644877,lu_fish,"2026-08-03 07:34:15",510.3,2,thefish114514
2889,16676256,"Kotaro Nakamura","2026-08-11 22:18:41",510.3,2,kotaroma
2890,16685615,Spectra,"2026-08-07 16:14:32",509.3,2,thomaskressig
2891,16697024,"Jiri Prudky","2026-08-09 20:21:28",509.3,1,jiprud
2892,16657438,"Udit Aggarwal1","2026-08-08 19:09:27",509.2,2,uditaggarwal1
2893,16678819,"Digant Kathiriya","2026-08-07 02:07:51",509.0,2,digantkathiriya
2894,16670188,orivael,"2026-08-05 21:20:17",508.6,2,orivael
2895,16668368,"Waleed Hasan","2026-08-12 01:42:22",508.4,2,whasan
2896,16681441,"Lamiaa Al-bdrani","2026-08-07 04:25:50",508.0,1,lamiaaalbdrani
2897,16660515,"pooja sandali","2026-08-08 05:51:03",507.9,2,poojasandali
2898,16667759,"Nafis Fuad Shahid","2026-08-05 19:21:39",507.7,2,nafisfuadshahidd
2899,16675462,bkcoban,"2026-08-07 18:22:48",507.7,2,bkcoban
2900,16691790,"Akshay Sawant","2026-08-08 19:33:14",507.4,2,akshaysawant8983
2901,16639727,"Andres Mohali","2026-08-12 12:18:03",507.3,2,mohax3
2902,16658895,kunihiro,"2026-08-06 01:08:41",507.2,1,kunihiro
2903,16709069,"James Mcquay","2026-08-12 05:23:39",507.0,2,jamesmcquay
2904,16670596,prabalsingh_23,"2026-08-05 22:38:05",507.0,1,prabalsingh23
2905,16663055,jainish_d24ce180,"2026-08-10 13:54:40",506.6,2,jainishshah35
2906,16657574,harikrishnacs,"2026-08-04 12:28:53",506.6,2,harikrishnacs
2907,16658983,"Titi Huang","2026-08-11 12:48:22",506.6,2,titihuang
2908,16705276,layr0,"2026-08-12 02:18:06",506.2,2,layr0dotdev
2909,16658304,"KETHAVATH Aadarsh","2026-08-05 21:00:45",506.1,2,kethavathaadarsh
2910,16623071,"Santiago Maniches","2026-08-02 03:45:53",506.0,2,santmani
2911,16707331,"Simon Ziegs","2026-08-11 22:00:24",505.9,2,simonziegs
2912,16688159,"aildar &  slopernak","2026-08-10 23:55:29",505.3,1,"eldarkhisamutdinov,mernak,vladimirbagmanov"
2913,16630372,Q.qlmmm,"2026-08-03 21:38:41",505.2,2,qlammi
2914,16660343,"Mert Olgun899","2026-08-05 13:05:07",504.8,2,mertolgun899
2915,16653078,pk210495,"2026-08-09 09:13:32",504.6,2,pk210495
2916,16630662,Akshatjhawar777,"2026-08-05 12:18:30",504.5,2,akshatjhawar777
2917,16700885,"Malala Ramaha","2026-08-12 15:33:41",504.3,2,malalaramaha
2918,16695627,"Xu Lou","2026-08-09 13:01:23",504.0,2,xuxiaozhou666
2919,16637342,SupremeWarrior108,"2026-08-12 15:44:38",503.7,2,supremewarrior108
2920,16689286,"Telman Yusifov","2026-08-09 07:08:46",503.0,2,yusifovtelman
2921,16640810,まさやん,"2026-08-12 15:22:53",502.9,2,masayam1234
2922,16632304,"Masataka Suzuki","2026-08-12 11:09:33",502.5,1,masatakasuzuki
2923,16698570,MurphyIIVan,"2026-08-10 03:35:41",502.5,2,murphyiivan
2924,16689447,"Ivan Berrutto","2026-08-10 00:58:43",502.5,2,ivanberrutto
2925,16658202,"SNAEHATH P","2026-08-06 13:51:15",502.5,2,snaehath
2926,16657063,"those how","2026-08-04 07:50:57",502.4,2,thosehow
2927,16669102,Ritik,"2026-08-07 18:11:13",502.4,2,xritikx
2928,16654947,"Ömer Hüseynov","2026-08-08 22:06:03",502.4,2,omarhuseynov
2929,16671913,res67,"2026-08-07 16:22:30",501.7,2,junyeanyap
2930,16710512,FishWotou,"2026-08-12 07:40:45",501.1,2,fishwotou
2931,16657520,"Joel De la Cruz Fuertes","2026-08-12 16:33:48",501.0,2,joeldcf
2932,16659459,"Akandé Philippe ABIODOUN","2026-08-06 11:58:09",500.9,2,vrmelo
2933,16638938,Light&Thunder,"2026-08-09 06:39:19",500.8,2,yerne39
2934,16697089,"aghbalou Anass","2026-08-11 17:55:07",500.6,2,aghbalouanass
2935,16713007,"Jerry Hwa","2026-08-12 15:21:44",499.2,2,jerryhwa
2936,16624935,"Anjana mohan","2026-08-01 06:06:39",498.9,2,anjanamohan13
2937,16702935,"Defne Demir","2026-08-11 18:27:36",498.9,2,defnedemir
2938,16673110,"Sri Jayavel K","2026-08-11 06:41:32",498.6,2,srijayavelk
2939,16685904,KavYaHD,"2026-08-10 13:02:45",498.6,2,kavyahd
2940,16663240,"Rilen T. L.","2026-08-12 14:50:24",498.1,2,rilentl
2941,16664129,"Mr M 8641","2026-08-06 18:57:45",498.1,2,mrm8641
2942,16621402,Maxim,"2026-07-31 06:46:07",497.9,2,ektarr
2943,16660228,"Ochuwa Pearl Isa","2026-08-06 09:29:36",497.6,2,pearlisa
2944,16663658,oriolgalceran,"2026-08-11 22:35:40",497.6,2,oriolgalceran
2945,16666479,"Prajwal Nivangune","2026-08-09 18:33:51",497.6,2,prajwalnivangune
2946,16663674,"Mason Mahar","2026-08-12 02:11:47",497.4,2,masonmahar
2947,16670475,Adib,"2026-08-06 02:02:27",497.3,2,adibemohamed
2948,16670464,halfpintcider,"2026-08-11 20:02:25",497.1,2,"amoghdeshpande2021,visspric7"
2949,16623631,SeaEag1e,"2026-07-31 06:26:17",497.1,1,seaeag1e
2950,16690812,zhangkai_0121,"2026-08-09 01:40:21",496.8,2,zhangkai0121
2951,16664401,"Pranav Premchand","2026-08-05 03:07:24",496.7,1,pranavpremchand
2952,16658116,Emmy,"2026-08-12 08:58:33",496.3,2,emmyone
2953,16666216,missss,"2026-08-06 06:49:00",496.0,2,missssb
2954,16664860,ANUJPUROHIT18,"2026-08-11 16:06:51",495.8,2,anujpurohit05
2955,16682386,"Charbel Nehme","2026-08-08 01:32:20",495.3,2,charbelnehme
2956,16668091,Solidscripts.io,"2026-08-11 16:38:35",495.3,2,juancamera1
2957,16661648,"Vân Nguyễn","2026-08-07 12:28:42",494.6,2,vunnguyen
2958,16693058,"Yuvraj singh","2026-08-11 02:16:01",494.4,2,yuvrajsingh789
2959,16671942,"JIVRAJ SINGH","2026-08-12 14:14:15",494.3,2,jivrajsingh
2960,16676397,Rohan_Joshi6404,"2026-08-11 10:24:03",494.2,2,rohanjoshi6404
2961,16665647,hr15de,"2026-08-08 11:43:27",493.9,2,hr15de
2962,16674841,"Syna Bedi","2026-08-08 11:16:11",493.8,1,synabedi
2963,16666878,aaronykchen,"2026-08-09 14:45:45",493.6,2,aaronyukuchen
2964,16669123,"Alex #2","2026-08-06 22:50:30",493.4,2,alxdfy
2965,16669945,"Turab Zaidi","2026-08-07 13:27:44",493.3,2,turabzaidi
2966,16691891,"Gagan Thakur","2026-08-09 13:07:40",493.2,2,gaganthakur2006
2967,16691027,"Jelle Maas","2026-08-08 14:58:19",493.1,2,jellemaas
2968,16656902,"Ram Chandra Gupta","2026-08-05 10:18:41",492.9,2,ramchandra142
2969,16662428,"Sonu kumar","2026-08-06 06:00:43",492.8,2,sonukumar9142
2970,16666383,"Sindhi Vishal","2026-08-12 10:28:30",492.5,2,sindhivishal
2971,16663815,"Tetsuya Sasaki","2026-08-05 04:30:30",492.3,2,sasakitetsuya
2972,16678298,"RITIK CHAUDHRY","2026-08-10 13:34:35",492.0,2,ritikchaudhry13
2973,16668141,"Soichiro Mochizuki","2026-08-07 22:13:36",491.9,2,soichiromochizuki
2974,16693092,"Andrei Dzis","2026-08-10 18:28:15",491.0,2,dzisandy
2975,16675866,DanilChil,"2026-08-11 20:36:31",490.5,2,danilchil
2976,16621585,"Rokaiya Somapti","2026-07-30 19:57:21",490.2,1,rokaiyasomapti
2977,16661966,Rocket,"2026-08-11 14:08:04",489.9,2,"aarchie4,nick16541,siddharthdongardive"
2978,16626105,sasaki,"2026-07-31 15:58:13",489.8,2,rsasaki
2979,16670257,RonitKhanna333,"2026-08-12 12:22:11",489.8,2,ronitkhanna333
2980,16690197,"Ankit Kushwaha_06","2026-08-09 16:08:20",489.8,2,ankitkushwaha06
2981,16679958,Bum_Fy_Mz,"2026-08-11 20:18:14",489.3,2,bumfymz
2982,16640807,TS,"2026-08-11 23:53:52",489.0,2,takumi0220
2983,16664064,lookapmaka,"2026-08-10 17:19:05",488.9,2,lookapmaka
2984,16693307,"Vlad Gavrilov","2026-08-09 04:00:29",488.4,2,vladgavrilov
2985,16666709,JSQL,"2026-08-12 13:31:09",488.2,2,jeffreyschott
2986,16697396,"Collective Win","2026-08-10 13:44:16",487.9,2,collectivewin
2987,16660929,ttkk,"2026-08-12 16:39:58",487.4,1,optimavia
2988,16664818,"B M Dimpu Shree","2026-08-07 05:49:06",487.4,2,bmdimpushree
2989,16664514,"Henry Adjanor tetteh","2026-08-12 00:43:41",486.7,2,henryadjanortetteh
2990,16662162,"THE predict","2026-08-11 18:37:30",486.5,2,vikaspal505
2991,16643278,"Giovani Moresco","2026-08-06 05:30:45",486.5,2,giovanimoresco
2992,16661751,"Shailaja J","2026-08-12 14:51:15",486.3,1,shailajaj
2993,16669229,"Kayvan Sinha","2026-08-11 15:23:35",486.2,2,kayvansinha
2994,16661659,"Ivan Zagorulko","2026-08-05 10:53:13",486.1,2,normaldaki278
2995,16668523,Bumblerrr,"2026-08-06 19:46:02",486.0,2,bumblerrr
2996,16621610,NMarkS,"2026-08-05 10:24:47",485.7,2,nmarks
2997,16684225,"Aum Savaliya","2026-08-10 20:10:02",485.7,2,aumsavaliya
2998,16696419,detectivseb,"2026-08-12 10:34:45",485.5,2,detectivseb
2999,16657587,PxlPau,"2026-08-04 14:37:52",484.4,2,studybeetutoring
3000,16696959,"Joe Filfli","2026-08-11 10:47:03",484.3,2,joefilfli
3001,16665470,KanakoS,"2026-08-07 09:41:34",484.2,2,kanakos
3002,16668431,"Harshpreet Singh #2","2026-08-06 01:06:28",484.2,1,harshpreetsingh45
3003,16657145,"Shudipto Trafder","2026-08-04 19:25:24",483.1,1,iamsdt
3004,16668159,ABDELGHANY,"2026-08-12 11:04:36",482.7,2,abdelghanyrageh
3005,16644023,"Yiğit Efe Albaş","2026-08-02 18:34:39",482.0,1,yiitefealba
3006,16658960,"Amit Kumar","2026-08-06 05:44:30",481.9,2,anmitkumar
3007,16701713,"Максим Хованский","2026-08-10 14:35:38",481.7,1,yeezynaizi
3008,16686789,Hay-gent,"2026-08-12 07:29:05",481.3,2,"alagusuriyas,gayathrisrimai"
3009,16667987,"Kunj Kansara","2026-08-05 13:41:26",481.3,1,kunjkansara
3010,16672292,"KARTIKEY PANWAR","2026-08-06 05:46:16",480.3,2,kartikeypanwar
3011,16701768,darasty,"2026-08-11 05:56:44",480.1,2,darasty
3012,16662646,"Jay Parsana","2026-08-09 18:07:10",480.0,2,jay051
3013,16664454,"Naga Vinay Avvaru","2026-08-05 07:04:44",479.9,2,anagavinay
3014,16638019,Randynho,"2026-08-09 22:12:30",479.4,2,randynho
3015,16663286,"Fan Wang","2026-08-10 21:12:40",479.2,2,wangfan420
3016,16658489,小出和見,"2026-08-06 19:25:50",479.1,2,kzmk8d
3017,16668268,"Kunal Rout","2026-08-06 05:48:25",478.9,2,charlotte26
3018,16684401,WQAAAA,"2026-08-10 03:51:53",478.7,2,wqaaaa
3019,16669604,"Abhijit Pise","2026-08-10 20:51:00",478.4,2,abhijitpise
3020,16655630,askBillyWhatMamaDid,"2026-08-08 04:35:59",478.2,2,askbillywhatmamadid
3021,16660489,"Luca Lullo","2026-08-05 20:21:38",478.2,2,lucalullo
3022,16624879,indira,"2026-07-31 06:52:02",478.1,2,inansia
3023,16673013,TTT,"2026-08-12 09:00:22",477.9,2,tadahiroasami
3024,16692084,"Kaggri Farmers","2026-08-12 06:45:19",477.8,2,"jayant99acharya,satvikkolluru"
3025,16691704,"Rahman Aliyev","2026-08-11 22:13:10",477.8,2,rahman4li
3026,16701885,"Mehdi L.","2026-08-11 15:28:07",477.6,2,lmehdi
3027,16656190,"Akshaj Shandilya","2026-08-06 03:14:36",477.6,2,akshajshandilya
3028,16659018,"Ramziddin Toxirov","2026-08-11 04:58:03",477.1,2,ramziddintoxirov
3029,16688364,"Om Raval08","2026-08-10 02:41:27",476.9,2,omraval08
3030,16662267,"Fahim Montasir","2026-08-10 16:15:10",476.3,2,fahimmontasir
3031,16675000,"Carl Bell","2026-08-12 00:39:21",475.6,2,allegedcarlbell
3032,16649421,Eltormtace,"2026-08-12 06:58:06",475.5,2,eltormtace
3033,16663981,"Steven Pun","2026-08-07 01:59:52",474.9,2,stevenpunn
3034,16661068,ZeViX,"2026-08-05 07:38:18",474.7,2,"codinggeek101,vedantkhete"
3035,16669516,GorgeousCookie,"2026-08-06 09:17:13",474.1,2,axellindqvist
3036,16687330,"Mehmet Ensar Çetin","2026-08-12 03:43:34",474.1,2,mehmetensaretin
3037,16706257,dlv,"2026-08-12 16:47:55",474.1,2,ducott1
3038,16660568,Fascetta,"2026-08-07 20:48:53",473.8,2,fascetta
3039,16661352,"Porch Goose","2026-08-04 17:09:27",473.0,2,jaclyndeem
3040,16666944,"Meghnath S","2026-08-11 01:56:22",472.9,2,meghnaths
3041,16670659,saumyagupta12,"2026-08-09 20:47:33",472.8,2,saumyagupta12
3042,16666334,UnderBlade,"2026-08-05 09:56:11",472.6,2,"athillazaidan,kurtmikhael"
3043,16633786,tuannm3812,"2026-08-11 06:21:47",472.5,2,tuannm3812
3044,16693147,"Oliver Curtis1","2026-08-09 14:51:57",472.4,2,olivercurtis1
3045,16658512,fatariq,"2026-08-10 21:18:35",471.7,2,fatariq
3046,16641330,"Takuya Yoshimi","2026-08-04 05:16:22",471.4,2,tkyysm
3047,16692825,"Saad Arain","2026-08-09 12:27:08",471.0,2,saad451
3048,16652334,"Aldibek [dsmlkz]","2026-08-04 07:56:12",471.0,2,aldibek
3049,16663368,"Laurence Dale","2026-08-11 21:09:10",470.8,2,laurencedale
3050,16674725,"rajan jha","2026-08-08 11:19:34",470.4,2,rajan1673
3051,16662319,ethan.ai,"2026-08-10 20:18:19",469.9,2,ethanai
3052,16691753,"Jan Moilanen","2026-08-09 12:02:17",469.7,2,janmoilanen
3053,16685625,"silvan ion","2026-08-08 13:05:39",469.5,2,john1one
3054,16655891,"Yukihito Ikoma","2026-08-09 15:51:09",468.9,2,yikoma
3055,16665400,FieldOps,"2026-08-10 16:16:03",468.7,2,sycpr1me
3056,16660294,"Mohamed Amadu Bangura","2026-08-04 16:14:07",468.2,1,mohamedamadubangura
3057,16632118,nk,"2026-08-10 03:27:15",467.9,2,nagatakengo
3058,16684677,"Sean Southwick","2026-08-10 01:09:27",467.2,1,seansouthwick
3059,16707987,"Big Balls Entertainment","2026-08-12 10:18:24",466.6,2,"pavivin,semenkolesnikov"
3060,16670565,"Grant Biellak","2026-08-05 22:52:01",466.3,2,grantbiellak
3061,16652230,BorisSpider,"2026-08-07 13:58:18",466.0,2,borisspider
3062,16668592,"Ashutosh jatav","2026-08-09 13:34:45",465.9,2,ghost1412
3063,16660090,"Kaggriculture @ Farmageddon","2026-08-11 04:57:08",465.8,2,gary08phillios
3064,16677804,"Pravin Takpire","2026-08-11 08:17:51",465.6,2,pravintakpire
3065,16661453,"Disleve Kanku","2026-08-11 15:25:03",465.3,2,dislevekanku
3066,16662197,"Zehra Basaral","2026-08-07 10:42:57",465.2,2,zehrabaaral
3067,16660601,"Rabbiya affan","2026-08-12 04:00:13",465.1,2,rabbiyaaffan
3068,16689349,"Adunola Abdulrahman","2026-08-10 17:38:47",465.1,2,adunolaabdulrahman
3069,16654258,"Ashray Bagde","2026-08-12 07:51:29",464.9,2,ashrayaaaaa
3070,16630779,Jimmer,"2026-08-09 15:55:03",464.9,2,przemysawonr
3071,16697354,PDF,"2026-08-09 19:18:41",464.8,2,gab0yan
3072,16662293,"Alejandro Fonda","2026-08-12 16:16:53",464.5,2,alejandrofonda
3073,16655737,Dharshini,"2026-08-08 15:00:05",464.5,2,dharshini1812
3074,16693227,"Aniket Sharma","2026-08-12 02:38:13",464.1,2,aniketsharma00411
3075,16660653,"yuvaraj kanchana","2026-08-07 21:55:16",463.9,2,yuvarajkanchana
3076,16666257,"Shijian Wen","2026-08-06 09:40:44",463.8,2,shijianwen
3077,16689344,"Shalini Gangrade","2026-08-09 13:17:30",463.7,2,shalinig1
3078,16684436,Simon-the-sorcerer,"2026-08-12 14:46:11",463.5,2,simonwiller
3079,16665336,"maoyuan ma","2026-08-06 01:11:22",463.1,2,maoyuanma
3080,16658344,SOONHANKWON,"2026-08-06 00:49:15",463.1,2,soonabletv
3081,16685207,"Koushik Thummu","2026-08-07 18:15:47",463.0,2,koushikthummu
3082,16676974,"Deveshwar U","2026-08-06 18:49:27",462.7,2,deveshwaru
3083,16677470,"Saish Walavalkar02","2026-08-09 12:44:51",462.6,2,"harichaudhari1,kaiserjayin,meetramjiyani,nirbhaygajabi30,saishwalavalkar02"
3084,16655257,"Afia Animah Fosu","2026-08-04 18:21:50",462.1,2,afiaanimahfosu
3085,16662690,"Pablo Gomez Perez","2026-08-12 08:54:08",462.1,2,pablogp
3086,16699045,"Abu Kayyisah Basyid","2026-08-12 14:43:07",462.0,2,abukayyisahbasyid
3087,16656932,"Thivvin Raj","2026-08-11 07:02:13",462.0,2,thivvinraj
3088,16655689,花朝,"2026-08-05 04:10:02",461.9,2,xhxyyds
3089,16661132,"Jia Chen","2026-08-06 20:07:01",461.8,2,jiachenjasper
3090,16660980,"João Marcelo Curi","2026-08-05 18:31:19",461.7,2,joomarcelocuri
3091,16664671,Acteus,"2026-08-06 00:01:12",461.6,2,acteus
3092,16656304,"Gururaj Athani","2026-08-11 09:43:44",461.5,2,gururajathani
3093,16693003,ShirrleyChen,"2026-08-11 21:25:20",461.5,2,shirrleychen
3094,16692710,"Baran Haydar","2026-08-12 06:56:50",460.9,2,baranhaydar
3095,16691667,jeremyllll,"2026-08-12 03:30:26",460.8,2,jeremyllll
3096,16672687,Liz,"2026-08-12 11:07:30",460.7,2,lizgarcia3
3097,16637762,"Greek olive oil","2026-08-09 19:56:48",460.6,2,alexanderchar
3098,16677761,"Rithuraj Nambiar","2026-08-06 18:11:41",460.5,2,rithurajnambiar
3099,16641606,"Tanisha Sahu","2026-08-02 14:39:27",460.4,2,tanisha3
3100,16709824,"Csala Zoltán Tamás","2026-08-12 08:13:11",460.4,2,csalazoltntams
3101,16653006,"anthony mbadiwe ikeme","2026-08-12 06:56:36",460.1,2,anthonymbadiweikeme
3102,16654213,"Hojin Jang","2026-08-12 12:32:19",460.1,2,hojinjang
3103,16665353,Sakshamm2587,"2026-08-10 16:21:49",459.5,2,sakshamm2587
3104,16696800,"VEER GOMA","2026-08-10 16:14:28",459.3,2,novaxoxo
3105,16677747,"Yuvraj Bhatt","2026-08-10 08:38:11",459.2,2,bhattyuvraj22
3106,16663990,"OURNO PAPA SALIF","2026-08-07 23:18:43",459.0,2,belfiremine
3107,16675385,Apex🦾,"2026-08-12 16:06:03",458.7,2,"raghadabdullara,renadahmadalamri,zzainh"
3108,16630007,"Yuankun Liu","2026-07-31 15:48:13",458.5,2,lyk1652
3109,16653001,"Alexey Kuleshov","2026-08-04 12:07:51",458.2,2,alexkulll
3110,16660531,greySnow,"2026-08-08 00:36:32",457.7,2,shlomoron
3111,16702742,"Kavyanshu Singh","2026-08-11 10:47:02",457.4,2,kavyanshusingh
3112,16658882,"toukali samir","2026-08-07 13:43:05",457.2,2,toukalisamir
3113,16663576,Yurnero,"2026-08-04 21:24:04",457.0,1,samson8
3114,16633475,betagammashtrit,"2026-08-10 23:15:09",456.6,2,betagammashtrit
3115,16682342,"Jebez Oswald","2026-08-10 05:38:15",456.4,2,jebezoswald
3116,16671512,"Darren Grendi","2026-08-10 00:38:51",456.3,1,darrengrendi
3117,16702771,n_samii,"2026-08-12 12:20:00",456.1,2,nsamii
3118,16628404,theken,"2026-08-09 12:19:19",455.7,2,theken
3119,16683087,qiuchenglong,"2026-08-07 09:25:48",455.7,2,qiuchenglong
3120,16659957,"Jaydon J P","2026-08-07 14:19:14",455.6,1,jaydonjp
3121,16641665,huangjunjia,"2026-08-04 14:12:26",455.4,2,huangjunjia777
3122,16669218,"Shaik Sabiya","2026-08-12 09:15:22",455.3,2,shaiksabiya55
3123,16692906,CodeZee,"2026-08-09 19:50:49",455.2,2,codewithzaeem
3124,16640067,"minghao mei","2026-08-02 09:57:29",454.3,1,minghaomei
3125,16681188,"Tresor Mufalme.","2026-08-08 09:29:05",454.3,2,tresormufalme
3126,16679850,AryaGarg23,"2026-08-09 03:33:14",454.3,2,aryagarg23
3127,16685649,YUYUTA,"2026-08-09 05:39:50",454.0,2,yuyuta
3128,16630772,"Mitsuhiro Iizuka","2026-08-04 10:31:00",454.0,2,mitsuhiroiizuka
3129,16640683,Jason-Oh,"2026-08-10 04:09:09",453.8,2,dossantoss
3130,16683400,"wo zhe yi sheng ru lu bo bing","2026-08-10 16:53:48",453.7,2,"ivanlo103,panckck,waijai"
3131,16622097,"Garrick C.P.","2026-08-10 18:12:06",453.6,2,garrickchinnis
3132,16634219,"Michael J Hammel","2026-08-01 11:37:10",453.5,2,michaeljhammel
3133,16666577,"Jatin khandelwal112","2026-08-05 11:26:41",453.4,2,jatinkhandelwal112
3134,16664450,"Fritz Adelbertus","2026-08-10 01:13:44",452.8,1,fritzadelbertus
3135,16712329,"Andrej Carpenter","2026-08-12 12:49:36",452.2,1,andrejcarpenter
3136,16661095,"AAYUSHMAAN PATEL","2026-08-09 08:16:53",452.0,2,aayushmaanpatel
3137,16661002,"Eliyas sk","2026-08-05 13:00:35",451.8,2,eliyassk
3138,16668532,"Nir Aberman","2026-08-10 13:51:56",451.4,2,niraberman
3139,16661034,"Devesh Mehta","2026-08-04 17:53:22",451.4,2,deveshmehtaaie
3140,16655652,DaylightH,"2026-08-10 03:21:04",451.2,2,daylighth
3141,16662615,"Anurag irawit","2026-08-08 20:18:31",451.2,2,anuragirawit
3142,16624990,"Tanjim Ahmed Kingshu","2026-08-02 07:05:52",451.0,2,tanjimahmedkingshu
3143,16660852,"K VISHALINI","2026-08-11 04:37:20",451.0,2,kvishalini
3144,16710564,"Clarice Harijanto","2026-08-12 08:13:05",450.8,2,clariceting
3145,16662094,"moncef elm","2026-08-11 04:34:28",450.8,2,moncefelm
3146,16673825,h_jun,"2026-08-10 06:21:12",450.3,1,lhjoon77
3147,16638343,"Phong Khoi","2026-08-04 12:20:52",450.3,2,phongkhoi
3148,16621165,"xisheng feng","2026-07-31 01:31:47",449.8,2,xishengfeng
3149,16659410,TTH,"2026-08-07 08:21:16",449.3,2,tthungdz
3150,16661891,BALLEN1337,"2026-08-04 19:22:30",449.3,2,ballen1337
3151,16654330,"Perumalla Pujitha","2026-08-06 07:59:08",448.9,2,perumallapoojitha
3152,16651939,"Yogesh Jadhav","2026-08-12 06:08:35",448.6,2,dynamo14324
3153,16657883,jps,"2026-08-06 08:36:04",448.3,2,jahaziel
3154,16696439,VaraPrabha,"2026-08-10 04:36:00",448.0,2,galiveetipoornima
3155,16656946,"Sambit Padhan","2026-08-05 10:10:10",447.9,2,sambitpadhan
3156,16675324,"Attempt Seven","2026-08-10 10:13:50",447.6,2,attemptseven
3157,16710241,"Julien Serbanescu","2026-08-12 14:32:50",447.0,2,julienserbanescu
3158,16679392,Dickie,"2026-08-09 09:05:10",447.0,2,dickieho
3159,16655250,"Juan Pablo Ponce","2026-08-08 03:34:18",446.9,2,juanpabloponce28
3160,16700360,"Thanush Soma","2026-08-10 09:49:02",446.4,2,thanushsoma
3161,16662054,"phantom of shubh","2026-08-11 07:54:46",446.3,1,shubhamkumar123490
3162,16662964,"Tim Ogilvie","2026-08-08 18:12:20",446.3,2,timogilvie
3163,16673167,Karam96,"2026-08-08 11:40:36",446.1,2,karam96
3164,16667101,SundharSteyn,"2026-08-08 06:59:52",445.8,2,sundharsteyn
3165,16681397,"Vishal Dubey","2026-08-11 08:51:13",445.7,2,visha1dubey
3166,16659394,"יוסף בש","2026-08-09 15:11:23",445.4,2,josiii123212
3167,16655446,"Ismael Omar Leonidas Hurtado Vargas","2026-08-04 00:07:01",445.3,1,ihurtadov
3168,16661551,SimonAx,"2026-08-10 09:41:59",445.3,2,simonaxel
3169,16629476,NOOBS,"2026-08-09 19:58:48",444.9,2,"patelkrishna8,sakshamranawade,shravanideshpande25"
3170,16655997,tanatet8,"2026-08-12 09:00:55",444.7,2,tanatet8
3171,16662854,"NISCHAY SANJAY JIWANKAR 23115098","2026-08-11 21:10:51",444.6,2,nischay2908
3172,16690166,"Niteshwar Mishra","2026-08-08 10:02:22",444.6,2,niteshwarmishra
3173,16657729,"Kandregula V S S V P Krishna Murthy","2026-08-08 15:29:35",444.2,2,kkandregula
3174,16660899,"Clarence Trinidad","2026-08-07 17:53:59",444.1,2,claree007
3175,16660246,taqnik,"2026-08-08 11:54:39",444.1,2,taqnik
3176,16628409,"yann sadowski","2026-07-31 09:39:25",444.1,1,yannsadowski
3177,16671714,"Donnell Layne","2026-08-07 15:40:35",444.0,2,jupiter1127
3178,16710906,Krunal.ix,"2026-08-12 07:06:58",443.8,1,krunalix
3179,16653105,James,"2026-08-10 11:31:20",443.3,2,jamesquirk
3180,16708896,"Alberto Scinetti","2026-08-11 21:45:02",443.0,2,albertoscinetti
3181,16695633,"Kiran Kumar","2026-08-12 04:09:20",442.6,2,iamrkk
3182,16658817,"Andrew Glez","2026-08-04 12:10:17",442.3,1,andgos
3183,16675218,데미안과마루,"2026-08-08 02:38:06",442.2,2,siver3
3184,16682667,"zeel vavliya","2026-08-07 07:02:55",442.1,1,zeelvavliya
3185,16682471,Soumya2003uyvv755,"2026-08-11 06:16:32",441.5,2,soumya2003uyvv755
3186,16641294,YogeshG22,"2026-08-03 17:58:51",441.3,2,yogeshg22
3187,16709494,"Aditya Dushara","2026-08-12 16:36:10",441.1,1,adityadushara
3188,16659688,Daniel,"2026-08-05 12:21:37",441.1,2,danielyazgi
3189,16694264,"Vansh Visariya","2026-08-10 09:00:11",440.6,2,vanshvisariya
3190,16656608,"Jeffrey Dilley","2026-08-04 15:40:08",439.7,1,jeffreydilley
3191,16711823,Abi_e,"2026-08-12 16:30:53",439.5,2,abidjacquelineanadi
3192,16636643,"Babul Kumar","2026-08-02 07:46:50",439.3,2,babulkumar07
3193,16656731,"Muhammad Ali","2026-08-12 06:30:07",439.3,2,sardaralimaqsood
3194,16682908,"Masha Mashallah","2026-08-12 14:01:15",438.8,1,mashamashallah
3195,16667105,"Vikram Tiwari","2026-08-10 11:12:26",438.4,2,vikramtiwari
3196,16662967,"Amalio Gomez","2026-08-04 22:07:16",438.0,1,amaliogomez
3197,16712406,"L Sangeetha","2026-08-12 13:18:51",436.9,2,lsangeetha
3198,16667177,"Raunak Phull","2026-08-10 11:14:44",436.8,2,raunakphull4
3199,16668453,"Kawish Hassan","2026-08-05 16:51:03",436.7,2,kawishhassan
3200,16687403,"Raja Sai Vardhan","2026-08-09 08:19:22",436.7,2,rajasaivardhan
3201,16661351,"Adekojo Adeyemi","2026-08-04 15:25:52",436.2,1,adekojoadeyemi
3202,16668559,Goups,"2026-08-12 15:15:46",436.1,2,hervrenard
3203,16665449,AgroVisionAI,"2026-08-11 19:52:49",435.8,2,"aishwaryvarshney,bhuppisharma,kirtisharmaphd,pragyasingh59,priyasingh0590"
3204,16649794,"Wanzhu Zhao","2026-08-04 13:04:05",435.8,2,wanzhuzhaora
3205,16656135,"JAYASURYA R","2026-08-05 15:43:01",435.5,2,suryar261
3206,16658897,"Teja Pattem","2026-08-07 10:42:44",435.1,2,tejapattem
3207,16665980,cshara,"2026-08-06 08:41:16",435.0,2,cshara
3208,16664506,"Jonatan Asketorp","2026-08-10 03:05:49",434.9,2,weft169aston
3209,16682108,"Shadow Monarch","2026-08-10 14:50:21",434.7,2,avinashk01
3210,16658795,"Case Seller","2026-08-09 15:43:59",434.6,2,caseseller
3211,16674102,没落者,"2026-08-12 13:36:37",434.4,2,needless090
3212,16676205,"Alhassan Fedawy","2026-08-07 22:07:56",434.1,2,alhassanfedawy
3213,16688859,"Muhammad Fayaz Khan","2026-08-08 06:36:02",434.0,2,mfayazkhan
3214,16660397,Divyansh82Raj,"2026-08-04 15:01:28",433.9,2,divyansh82raj
3215,16625615,"Mobeen Fatima","2026-08-01 14:20:07",433.7,2,mobeenfatimah
3216,16654788,bumbum,"2026-08-09 14:22:47",433.6,2,krzysztoff1
3217,16665996,AVATAR3905,"2026-08-06 18:14:01",433.4,2,avatar3905
3218,16685164,cleanledger,"2026-08-07 13:38:23",432.6,2,cleanledger
3219,16676803,"Josue Villao","2026-08-07 15:22:54",432.6,2,josuevillao
3220,16670368,"Gary Gitton","2026-08-10 21:28:08",432.6,2,garygitton
3221,16678653,Wzjj98,"2026-08-06 19:31:39",432.3,1,wzjj98
3222,16635243,MlMlDev34,"2026-08-01 11:26:52",432.2,2,mlmldev34
3223,16624235,appu2431,"2026-08-11 15:56:41",432.2,2,appu2431
3224,16639624,"Nishanth Rajan","2026-08-02 03:25:35",432.1,2,nishanthrajandev
3225,16668271,"Shashank Raj","2026-08-06 14:27:00",431.8,2,ssr6156
3226,16668012,"Aleksander Iżemski","2026-08-05 20:52:54",431.7,2,aizemski
3227,16658011,"Arooba Hanif","2026-08-05 07:24:53",431.5,2,aroobahanif
3228,16639067,"ToMY F.","2026-08-11 11:34:31",431.4,1,tomyfdev
3229,16661390,"Raúl García Gómez","2026-08-04 17:04:39",431.4,2,corso138
3230,16658219,"Deepesh Pankaj","2026-08-11 12:17:02",431.2,2,deepeshpankaj
3231,16635130,Pongsaky,"2026-08-01 12:56:02",431.1,2,gantanch
3232,16656472,angusdddsa,"2026-08-04 06:04:22",431.1,2,angusdddsa
3233,16662933,"Marcelo Pereira","2026-08-11 20:20:53",430.8,2,marcekkusrp
3234,16671666,showtree,"2026-08-07 01:59:30",430.3,1,showtree
3235,16659312,qwertyDmitry,"2026-08-05 13:44:24",430.1,2,qwertydmitry
3236,16682422,"SABBIR HOSSAIN 2029","2026-08-12 12:08:00",429.5,2,sabbirhossain2029
3237,16666997,"Krishnamurthy Venkatasubramanian","2026-08-05 15:09:46",429.4,2,krishnamurthyvenkat
3238,16654098,"Mohd Zaki","2026-08-08 13:17:29",429.4,1,mdzaki08
3239,16669408,"Josaphat Adjele","2026-08-10 14:56:45",429.3,2,josaphatadjele
3240,16656143,"Debanshu Mallick","2026-08-07 05:27:56",429.2,1,debanshumallickiisc
3241,16700685,"Preeti Dhotmal","2026-08-11 16:47:16",429.1,2,preetidhotmal
3242,16675043,malibu_orange,"2026-08-09 06:03:15",429.1,2,malibuorange
3243,16707598,Kamazarashi,"2026-08-12 13:30:25",428.9,2,kamazarashi
3244,16642139,"Arnav Goel","2026-08-06 13:02:13",428.8,1,arnavgoel17
3245,16690775,"Prasanna Raut","2026-08-08 20:41:38",428.6,2,prasannaraut
3246,16675739,"Jithendra Maddala","2026-08-06 19:23:33",428.6,2,jithendramaddala
3247,16680015,"Khôi Trương","2026-08-10 01:11:55",428.3,1,kiykhoi
3248,16624102,Khadersha.sk,"2026-08-03 02:45:03",428.2,2,khadershask
3249,16659260,hitesh,"2026-08-05 19:29:28",428.0,2,shahhs
3250,16641288,nakagawaren0805,"2026-08-03 12:40:59",428.0,2,nakagawaren0805
3251,16656919,Sumaiya,"2026-08-09 07:00:50",427.9,2,ayeshasummaiyya
3252,16663738,"Handre Bezuidenhout","2026-08-04 23:27:08",427.6,2,handrebezuidenhout
3253,16623739,SarsaShen,"2026-08-05 07:12:00",427.5,2,sarsashen
3254,16641140,NITISH_GOYAL1,"2026-08-10 05:22:49",427.4,2,nitishgoyal1
3255,16683178,soulasin,"2026-08-07 14:32:26",427.4,2,soulasin
3256,16660099,Desireog71,"2026-08-08 15:01:19",427.0,2,desireog71
3257,16695592,"André Luiz Pedroso","2026-08-09 11:59:19",427.0,1,andreluizpedroso
3258,16671519,"Mandhati Sai ganesh","2026-08-06 06:36:45",426.9,2,mandhatisaiganesh
3259,16660341,"Nefise Aybar","2026-08-04 12:37:29",426.9,2,nefiseaybar
3260,16674394,"Ishant Mittal","2026-08-08 09:24:57",426.6,2,ishantmittal95
3261,16657712,"samuel job Adeola ","2026-08-12 07:03:11",426.4,2,samueljobadeola
3262,16669935,"Roman Svet","2026-08-10 14:20:38",425.9,1,romansvet
3263,16690947,"Veiled Star","2026-08-10 13:36:49",425.6,2,veiledstar
3264,16655729,"Arnab Mallick","2026-08-04 02:41:48",425.1,2,arnabmallick24
3265,16668034,ggggalaxy,"2026-08-07 17:46:43",424.6,2,ggggalaxy
3266,16658684,"Takayuki Michishita","2026-08-06 06:25:20",424.4,2,takayukimichishita
3267,16668340,"Sibi Vishnu","2026-08-08 10:35:33",424.3,2,sibivi
3268,16690163,"Abhay Upadhyay","2026-08-08 18:05:54",424.2,2,abhay18s
3269,16702820,"Plorek ","2026-08-12 12:05:48",424.1,2,plorek
3270,16661191,"Yudha Eka Saputra","2026-08-04 19:28:31",423.7,2,yudhaekasaputra
3271,16663777,"Mortis Beans","2026-08-12 13:13:03",423.5,2,mortisbeans
3272,16624029,"Miguel Angel Rodriguez Fonseca","2026-08-07 03:55:38",423.4,2,miguelangelrodriguez
3273,16669176,"Karakam Sridevi","2026-08-11 07:44:48",422.4,2,karakamsridevi
3274,16633737,nrg,"2026-08-04 20:19:50",422.4,1,nargizaskarbekkyzy
3275,16675468,"atakan akgün","2026-08-06 18:26:47",422.3,2,atakanakg
3276,16657056,"Jacob Ross Piedad","2026-08-06 12:15:14",422.3,1,jacobrosspiedad
3277,16687699,jegazhu,"2026-08-11 23:29:27",422.2,2,jegazhu
3278,16679096,WilliamXylean,"2026-08-12 14:02:45",421.5,2,williamxylean
3279,16670812,"Brian Toman","2026-08-09 15:56:22",421.5,2,briantoman
3280,16686583,techtech69,"2026-08-10 03:54:59",421.3,2,techtech69
3281,16672138,mostafa69ca,"2026-08-06 05:03:43",420.9,1,mostafa69ca
3282,16666115,"Iam Intolerable","2026-08-06 07:48:28",420.6,2,iamintolerable
3283,16654688,"Terrell Millz","2026-08-10 16:08:33",420.4,2,terrellmillz
3284,16690098,"Akshay Kashyap","2026-08-10 17:10:28",419.7,2,akshaykashyapakku
3285,16658319,"Huỳnh Nguyễn Trọng Tín","2026-08-06 06:23:40",419.7,2,tnhunhnguyntrng
3286,16656732,"Shivam Kashyap","2026-08-04 05:28:03",419.5,1,shiyan0090
3287,16691761,"Evie Barker","2026-08-10 21:49:53",419.4,2,eviebarker
3288,16660436,turkenm,"2026-08-06 13:03:36",419.3,2,turkenm
3289,16669330,"Panagiotis Charalabopoulos","2026-08-06 06:52:15",418.8,1,panagiotischaral
3290,16655811,"Duy Trần","2026-08-04 08:23:27",418.6,1,duyqtrn
3291,16661633,"Joseph Garcia","2026-08-12 12:57:27",418.6,2,josephpgar
3292,16666590,"Hoàng Anh Tú","2026-08-11 09:58:53",418.5,2,anhtu9999
3293,16638383,"Yunus Emre Sarıduman","2026-08-12 12:57:08",418.4,2,emresariduman
3294,16665252,"Harsh Katara","2026-08-05 06:51:14",418.1,1,harshkatara
3295,16665746,"ABHIRAJ HIWALE","2026-08-08 04:48:31",417.9,2,"abhirajhiwale,amitambhore27"
3296,16662874,"Dev Shah","2026-08-08 01:52:52",417.4,2,imdevshah11
3297,16659720,Project_Kurukshetra,"2026-08-11 15:53:31",417.2,2,"chaitanyaterli05,lavanyayandapalli"
3298,16637894,"Leonardo Domingues","2026-08-12 09:41:08",417.1,2,leonardodomingues
3299,16697223,"Azizii Gill","2026-08-11 18:02:57",416.5,2,aziziigill
3300,16632620,"[Deleted] d9d74cbb-c76e-4fbb-a4bf-35e25b48627d","2026-08-08 16:00:16",416.3,2,del=c21e6a8a03ad3b3c
3301,16712888,Vux,"2026-08-12 14:37:17",416.3,2,weiyu85
3302,16659464,"Héctor Valverde","2026-08-12 11:55:27",416.2,2,hvpareja
3303,16709179,"SATENDRA SINGH","2026-08-12 10:53:03",415.5,2,satendrasingh9876
3304,16665050,"Praneeth Palugula","2026-08-12 15:44:11",415.4,2,praneethpalugula
3305,16665543,"Charan Manthena","2026-08-08 17:23:06",415.2,2,charanmanthena
3306,16695177,"Ajith Bagali","2026-08-11 03:45:38",415.1,2,ajithbagali
3307,16631777,KiKi,"2026-08-05 16:45:28",414.5,2,kingkiller2164
3308,16672689,"Yusuf Yemez","2026-08-06 06:51:07",414.2,1,yusufyemez
3309,16692427,"Infy ","2026-08-09 20:48:09",414.2,2,infydes
3310,16666171,"JD Crew","2026-08-06 12:52:58",413.7,2,"abhijnanpodder,ahsafabid"
3311,16694314,"Ali Abbas Baig","2026-08-10 03:42:41",413.6,2,aliabbasbaig
3312,16652805,"Rodrigo Batista da Silva","2026-08-08 11:07:15",413.4,1,eurodrigobatista
3313,16625611,"Karl Smile","2026-07-31 10:23:38",413.4,2,karlsmile
3314,16669725,chosunghwan,"2026-08-06 03:52:24",413.0,1,chosunghwan
3315,16646644,BeyondBirthday,"2026-08-09 06:39:01",412.7,2,near07
3316,16657687,"Siddardha Shayini","2026-08-04 14:23:48",412.7,2,siddardhashayini3
3317,16662577,"Shreyash Suryawanshi","2026-08-05 07:34:10",412.5,2,shreyashsuryawanshi
3318,16643193,"Shoroogh Ahmadi","2026-08-12 11:11:23",411.7,2,shorooghahmadi
3319,16655919,"Tạ Minh Lễ","2026-08-04 06:46:45",411.4,2,tminhl
3320,16660473,"Owen M Kelley","2026-08-10 00:53:11",411.3,2,owenmkelley
3321,16681801,majj,"2026-08-11 03:07:46",411.2,2,m313786372
3322,16662403,"ulaş özen","2026-08-05 19:49:16",411.1,2,ulazen
3323,16654348,rkeshwani,"2026-08-07 16:17:49",410.2,2,rkeshwani
3324,16692895,Manuf,"2026-08-12 08:17:43",410.1,2,manuelferromorales
3325,16658733,luoqiuy,"2026-08-04 10:46:04",409.8,2,luo912
3326,16691813,Hyezir4,"2026-08-10 08:36:47",409.6,2,hyezir4
3327,16667766,vasujain7,"2026-08-05 17:44:03",409.1,2,vasujain7
3328,16656480,"Dip Biswas","2026-08-07 04:35:56",409.1,2,dipjacobiswas
3329,16675610,"Srikar Medisetti","2026-08-06 15:08:15",408.6,2,deathaunter
3330,16693821,"DARSHAN A","2026-08-11 18:02:26",408.5,2,ad12345kag
3331,16700634,"Alperen Söylen","2026-08-11 22:01:03",408.2,2,alperensylen
3332,16656627,"Soykot Podder","2026-08-04 12:50:42",407.7,2,diptopodder
3333,16666056,"sarthak gupta1303","2026-08-05 11:01:04",407.3,2,"sarthakgupta1303,sathviktummalapenta"
3334,16658519,"David kinyanjui","2026-08-11 11:43:42",407.2,2,davidkinyanjui
3335,16682229,"mayuri sarangi","2026-08-12 04:59:21",406.6,2,mayurisarangi
3336,16673372,"Hadyan Adira","2026-08-06 08:49:25",406.2,1,hadyanadira
3337,16665661,Ikhbar,"2026-08-05 09:50:57",405.8,2,ikhbar
3338,16676726,"Manaswi Bansal","2026-08-12 09:53:49",405.6,1,manaswibansal
3339,16677732,"Alessandro Mermali","2026-08-06 20:52:35",404.9,2,alessandromermali
3340,16659529,"Sanchit Jain","2026-08-05 05:58:55",404.7,2,sanchit1609
3341,16710389,GuerillaMoon,"2026-08-12 09:40:04",403.8,2,guerillamoon
3342,16655844,MAFIN,"2026-08-11 19:13:19",403.8,1,moneyman91
3343,16676416,"Abhishek Mishra","2026-08-10 10:09:30",403.8,2,abhishekmishra23
3344,16664147,JordanM10,"2026-08-05 19:54:08",403.6,1,jordanm10
3345,16685800,"Sumit Ridhal","2026-08-12 15:02:37",403.4,2,sumitridhal
3346,16628190,Horizonx30,"2026-08-09 18:06:56",403.0,2,horizonx30
3347,16624073,Maruichi01,"2026-08-03 15:48:39",402.2,2,"maruichi01,puws06,tatsukisato"
3348,16689841,Pavani2325,"2026-08-08 10:00:56",401.5,2,pavani2325
3349,16673152,"Arijit Raj","2026-08-06 08:23:14",401.5,2,arijitraj02
3350,16664619,"Trupen Patel","2026-08-12 14:52:54",401.1,2,trupenpatel
3351,16693033,AgriBot,"2026-08-12 00:06:40",400.7,2,prcieuxcomlan
3352,16668166,Pikachu,"2026-08-05 14:52:15",400.4,2,"arpankumarsinha,phantomboy69,subhojitpaul2006"
3353,16657159,"Amey Malpurkar","2026-08-11 07:35:27",400.2,2,"ameymalpurkar,siddheshsadarao"
3354,16660543,"BUTUH DUIT","2026-08-06 07:39:16",400.1,2,abulkahfi
3355,16675048,Wizard_King,"2026-08-06 19:35:41",400.1,2,anshumanrayy
3356,16664469,"Thorlapati Nikhil","2026-08-11 19:11:09",399.9,2,thorlapatinikhil
3357,16702052,"Beny Pratama Putra","2026-08-12 16:18:20",399.4,2,benypratamaputra
3358,16663351,MiguelS,"2026-08-07 15:25:29",398.5,2,lordm758
3359,16624553,"Abiram Bharathi S.A","2026-08-11 12:12:04",398.4,2,abirambharathisa
3360,16663161,"Pial Mahmud","2026-08-12 04:06:01",397.9,2,pialgroup
3361,16671959,"Sintu Verma","2026-08-09 05:44:56",397.4,2,sintuverma
3362,16661639,"Jayanth Kumar D","2026-08-06 13:36:46",397.2,2,jayanthkumard
3363,16674714,"Kaaleedass Manoharan","2026-08-08 16:52:19",397.1,2,kaaleedassmanoharan
3364,16623730,"Ethan Higgins","2026-07-31 02:25:21",396.9,2,ethanhigginz
3365,16660369,"Dev MCP","2026-08-04 12:59:09",395.7,1,nishant2905
3366,16698256,Mint,"2026-08-10 05:17:37",395.6,1,rorandangerous
3367,16678521,"Arina Nevolina","2026-08-06 20:31:22",395.0,1,nevolinaa
3368,16660992,"Vishnu Vardhan Dumpala","2026-08-05 18:17:30",394.6,1,vishnuvardhandumpala
3369,16701969,旧楚狂人,"2026-08-10 15:32:30",394.3,1,jiuchukuangren
3370,16668471,Broomva,"2026-08-05 14:57:35",394.1,1,broomva
3371,16691936,"Adhar Chaudhari 07","2026-08-09 08:13:35",393.3,2,adharchaudhari07
3372,16685996,"Universal Entropy","2026-08-07 16:22:28",392.8,1,fennerjw
3373,16690514,"Aditya #3","2026-08-09 06:29:48",392.7,1,a0x1ab
3374,16668479,"Muneera Mahjabeen","2026-08-12 08:06:02",392.2,2,muneeramahjabeen
3375,16678250,"RMS Danaraj","2026-08-12 15:26:28",391.4,2,salorajan
3376,16633330,"danielle Ange","2026-08-12 16:26:03",391.0,2,danielleange
3377,16660996,"Thịnh Nguyễn Chí Tiến","2026-08-08 01:49:40",390.6,2,thnhnguynchtin
3378,16659533,"Pavan Desai","2026-08-10 16:29:20",390.3,2,pavancdesai
3379,16658990,"Muhammad Burhan SE-45-02","2026-08-07 04:26:18",390.2,2,muhammadburhanse4502
3380,16658320,"Justin Eight","2026-08-12 10:08:31",390.0,2,justineight
3381,16621219,"Inna Campo","2026-08-04 01:46:35",389.8,2,innacampo
3382,16682454," Vandanaa R","2026-08-11 06:52:09",389.0,1,vandanaar
3383,16689923,Dhinesh,"2026-08-09 08:39:37",388.7,2,dhineshwarrs
3384,16686700,"Hakkı selim Ak","2026-08-07 17:06:03",388.6,1,hakkselimak
3385,16707372,"zidu cheng","2026-08-11 13:30:40",388.5,1,ziducheng
3386,16658450,"Krish Singh","2026-08-05 16:11:00",388.4,2,krishsingh2283
3387,16676302,Arnav,"2026-08-08 06:10:01",388.4,2,arnav03101
3388,16670881,"Amir Y. Sajjadi","2026-08-05 23:56:26",388.2,1,amirysajjadi
3389,16690494,StevenBeyen,"2026-08-12 10:31:03",388.1,2,beyensteven
3390,16669535,sakshitantak,"2026-08-08 05:16:32",387.4,2,sakshitantak
3391,16707179,"Achintya Rai","2026-08-12 11:15:16",387.2,2,achintyarai
3392,16661382,CBenaventte,"2026-08-12 16:10:46",387.0,2,cbenaventte
3393,16656881,"Eugene Nyondo","2026-08-12 12:32:55",386.7,1,eugenenyondo
3394,16660471,"Obsessed Beings","2026-08-05 16:46:35",386.7,2,"meur99,muhammedsaeed315,obsessedbeing,studentwork01"
3395,16698739,"Sahrul Adicandra","2026-08-11 04:06:08",386.6,2,sahruladicandra
3396,16650070,"jakub slavíček","2026-08-04 12:58:40",386.1,2,jakubslavicek
3397,16678362,"Mitiku Yohannes","2026-08-07 00:00:37",385.8,2,mitiku
3398,16709885,"Manuel Pérez","2026-08-12 05:54:03",385.7,2,manuelperezzz
3399,16675037,"Stanislav Pashkov","2026-08-08 20:50:16",385.3,2,stanislavpashkov
3400,16661690,codefusiondu,"2026-08-06 04:53:25",385.2,2,codefusiondu
3401,16707092,"Asharani Sahu","2026-08-11 11:19:08",385.2,1,asharanisahu
3402,16656351,"Triet Ho","2026-08-07 07:27:33",385.1,2,trietho247
3403,16657891,"Joshua Kinnah","2026-08-07 23:00:45",384.8,2,joshuakinnah
3404,16705294,"zhenf Liu","2026-08-11 07:51:06",384.1,2,zhenfliu
3405,16700187,"adrian purnama","2026-08-10 10:50:45",383.9,1,adrianpurnama
3406,16698287,"Ethan J. Schauder","2026-08-12 00:59:30",383.6,1,ethanjschauder
3407,16662491,Rudra070311,"2026-08-11 17:06:39",383.6,2,rudra070311
3408,16690183,ankit8924praj,"2026-08-09 10:44:09",382.8,2,ankit8924praj
3409,16662659,"Chiziterem Eze","2026-08-11 12:20:48",382.7,2,chiziteremeze
3410,16667042,"Adarsh Mukundan","2026-08-07 17:12:28",382.4,1,aadarshmukundan
3411,16631989,"VIDIT SHRIMALI","2026-07-31 17:13:46",381.0,1,viditshrimali
3412,16668068,"Neural Harvest","2026-08-11 20:36:00",380.8,2,meghashyampawar
3413,16690187,"Amrita Singh","2026-08-08 10:34:51",380.5,2,amrita004
3414,16662791,"Shiva Neshan yuva","2026-08-04 19:28:15",380.2,2,shivaneshanyuva
3415,16667406,"Abdulrahman AlAsali","2026-08-05 13:20:41",380.0,1,abdulrahmanalasali
3416,16658693,leehuilong,"2026-08-06 12:49:22",379.8,2,leehuilong
3417,16655315,SL,"2026-08-12 04:29:25",379.7,2,xndr007
3418,16701902,"Matthew Souza Chong","2026-08-11 05:58:50",379.5,2,matthewsouzachong
3419,16656198,N9uy3nPham,"2026-08-06 10:56:04",379.1,2,n9uy3npham
3420,16633982,Nikunj1375,"2026-08-07 08:40:29",379.0,2,nikunj1375
3421,16692639,"Bharat Kumar0925","2026-08-10 08:58:47",379.0,2,bharatkumar0925
3422,16652397,"Aniket Kumar","2026-08-06 13:29:50",378.8,2,kalkiavatar3
3423,16652970,"Abhay sarkar","2026-08-05 14:40:05",378.5,1,abhaysarkarai
3424,16658676,"Abdul Roheem Abdul Warith","2026-08-04 18:59:04",377.1,1,albasoliyy
3425,16654430,"Rishoban Y","2026-08-07 13:46:37",376.8,1,rishoban
3426,16654253,"Gaius K Biju","2026-08-03 18:51:18",376.0,2,gaiuskbiju
3427,16658554,Pai,"2026-08-07 22:06:33",375.8,1,rajathrpai
3428,16685785,KSAI,"2026-08-12 02:39:25",375.2,2,kishan2112004
3429,16655621,xia0910,"2026-08-08 11:03:21",375.1,2,xia0910
3430,16660735,"Bassel Elbahnasy","2026-08-05 20:31:32",375.0,2,basselashraf
3431,16680789,"Marouane Alahyane","2026-08-09 18:17:58",374.9,2,marouanealahyane
3432,16683284,"Haha Farming","2026-08-07 14:38:04",374.5,1,"akshitharamesh,harinir1423"
3433,16668333,VishalVivek,"2026-08-07 09:46:17",374.2,1,vishal14332
3434,16669441,"Chirag Desai","2026-08-12 04:18:15",373.9,2,cid007
3435,16653903,Manav2805,"2026-08-04 09:25:08",373.8,2,manav2805
3436,16665829,Shadowfishes,"2026-08-09 22:08:35",373.6,2,"boandme,ronitagarwal1,shauryasahdev2"
3437,16661955,Bingos,"2026-08-05 11:43:07",373.0,2,bingos
3438,16673097,"Sonu Kushwaha","2026-08-12 07:42:44",372.6,2,sonukushwaha124
3439,16659453,"Ishwar Rathod","2026-08-06 03:29:27",372.1,2,ishwarrathodofficial
3440,16665988,"Ronel maamoc","2026-08-08 09:58:20",371.8,2,ronelmaamoc
3441,16692750,"sab ka katega","2026-08-10 20:01:22",371.5,2,pranavwankhade
3442,16655734,dworld,"2026-08-05 04:13:18",371.4,2,jagdishhalde
3443,16707118,"DEVEN BAGADE","2026-08-11 11:24:10",371.1,2,devenbagade
3444,16682559,"Punit Pritam Mohanty","2026-08-11 06:21:03",370.6,2,punitpritammohanty
3445,16684308,Itsside_jay,"2026-08-07 11:46:48",370.4,1,itssidejay
3446,16660529,Imaanga,"2026-08-10 11:41:21",370.1,2,imaangababy
3447,16664218,"Nguyen Vu Tue Khang","2026-08-07 03:13:47",369.1,2,nguyenvutuekhang
3448,16691354,"Vedika Gupta","2026-08-08 14:20:25",369.0,1,vedikagupta0
3449,16632319,Valentin,"2026-07-31 21:14:24",368.8,1,vaha94
3450,16630545,"GAURAV PARKHEDKAR","2026-08-01 07:00:23",368.5,2,gauravparkhedkar
3451,16655003,"Paramjeet Kaur","2026-08-04 21:09:02",368.0,1,kauxp26
3452,16660313,Ctrl+Code,"2026-08-12 15:22:04",367.7,1,"jayashankar369085,parnikasm"
3453,16639814,"Nikhil Krishna A","2026-08-08 17:44:02",367.6,2,techmasternikhil
3454,16658065,"Parul Mittal","2026-08-06 13:55:51",366.4,1,pisces83
3455,16623161,"Charles Kalaba","2026-08-08 13:06:02",366.2,2,charleskalaba
3456,16659975,"Rahul Sain","2026-08-05 18:54:58",365.2,2,rahulsain2001
3457,16690161,"Sudipto Event","2026-08-11 09:25:00",364.7,2,sudiptoevent
3458,16673310,dffzno1,"2026-08-11 05:55:13",364.6,2,joyzip
3459,16652276,Phare111,"2026-08-04 15:09:55",364.6,1,phare111
3460,16659493,"Ori Glisko","2026-08-09 14:27:44",364.5,2,origlisko
3461,16659581,"isah ridwan","2026-08-07 09:02:00",362.8,2,isahridwan
3462,16665704,"Sreesanth M S","2026-08-05 07:12:05",362.1,1,sreesanthms
3463,16697628,"Yash Sharma","2026-08-09 19:27:50",361.9,2,yashsharma42
3464,16695733,"Imad Zaanine","2026-08-11 02:11:15",361.5,2,imadzaanine
3465,16682623,"Aditya Paul","2026-08-11 15:38:45",361.4,2,adityapaul634
3466,16668331,"Maitreya Mohapatra","2026-08-06 10:09:17",361.3,2,maitreyamohapatra
3467,16709304,"Aleksey SCHUKIN","2026-08-12 13:51:35",360.7,1,alekseyschukin
3468,16709754,"Simon Preuss","2026-08-12 16:39:55",360.6,2,simonpreuss01
3469,16709487,Kohei,"2026-08-12 00:45:08",360.5,2,kshintani
3470,16709512,Rustamdurdyyev,"2026-08-12 09:56:51",360.4,2,rustamdurdyyev
3471,16658391,"Jack #2","2026-08-11 16:20:44",360.3,2,jack1233
3472,16672199,Vachan,"2026-08-06 16:14:41",360.2,1,vachanpadival
3473,16623405,nbarlow,"2026-08-12 10:50:13",359.2,1,nickbarlow
3474,16660144,"Léandre ELISHA","2026-08-09 12:25:44",359.1,2,landreelisha
3475,16623806,黒田彩人,"2026-07-31 03:52:53",358.8,1,ayato0705
3476,16664718,Vedika_,"2026-08-11 18:28:09",358.7,1,lighjt
3477,16667700,"Omar Mohammad","2026-08-05 15:52:54",358.2,2,omarmohammadw
3478,16662079,"Farrukh Hussain","2026-08-11 22:30:39",358.1,2,farrukhhussai
3479,16677629,"XIE Jintao","2026-08-06 18:47:28",357.8,2,xiejintao
3480,16676034,"Songyot P","2026-08-10 07:58:27",357.6,1,songyotpi
3481,16653054,Khongor2424,"2026-08-03 15:32:17",356.4,2,khongorkikaik21
3482,16634769,Fivingone,"2026-08-03 03:47:43",356.1,2,fivingone
3483,16676305,JTHEFROG,"2026-08-08 12:09:45",355.9,2,joshyuasa
3484,16711374,Jascha,"2026-08-12 08:12:10",355.4,1,lippja
3485,16668673,"kyran sinha","2026-08-05 23:08:45",355.4,2,kyransinha
3486,16646076,"Ajeet Krishnasamy","2026-08-04 19:52:27",354.8,2,ajeetkrish
3487,16704613,alexbstl,"2026-08-11 01:07:04",354.7,1,alexbstl
3488,16661879,"Pham Truc","2026-08-07 07:21:46",354.6,1,genti1206
3489,16632423,goh,"2026-08-12 04:48:01",353.7,2,bungohatayama
3490,16661290,"Kelian Esteve","2026-08-04 14:33:13",352.6,1,kelianesteve
3491,16700596,"Markel Iru","2026-08-12 11:10:18",352.2,1,markeliru
3492,16661213,"Daniel Siersleben","2026-08-05 12:53:41",351.9,1,danielsiersleben
3493,16688231,"Antoine Matemane Mahirwe","2026-08-10 19:40:15",351.8,2,antoinemah
3494,16637025,kodalien,"2026-08-10 15:21:00",351.3,2,kodalien
3495,16663600,"Adrián Flores","2026-08-05 00:38:36",350.7,2,foward2892
3496,16658620,"Dina Chettouh","2026-08-04 09:13:27",350.7,2,dinachettouh
3497,16662913,"IYAMPAYE ribert","2026-08-04 19:01:38",350.5,1,iyampayeribert
3498,16665114,"Francesco Benincasa","2026-08-05 09:56:52",350.3,2,francescobenincasa
3499,16659698,"Duy Anh Nguyễn","2026-08-07 10:23:27",350.2,1,duyanhnguyn
3500,16712089,"yui seya","2026-08-12 12:17:02",350.1,2,yuiseya
3501,16712258,"yaphel lee","2026-08-12 11:57:44",350.1,1,yaphellee
3502,16624246,"xu j1ayang","2026-08-11 05:12:47",349.6,2,xuj1ayang
3503,16706321,lumen,"2026-08-12 11:04:50",349.6,2,lumenyuto
3504,16698562,Kyoko004,"2026-08-11 04:38:18",349.4,1,kyoko004
3505,16690698,posty_melek,"2026-08-08 12:14:12",349.1,1,srisaraswati
3506,16655520,"kaggle Osaka","2026-08-12 07:46:41",348.9,2,toshiyukitanaka
3507,16657658,"Esther Usman","2026-08-11 19:27:41",348.4,2,estherusman
3508,16710428,"Mansi Aggarwal","2026-08-12 15:27:49",348.0,2,mansiaggarwal88
3509,16706985,Valmrnch,"2026-08-12 13:37:06",347.8,1,valmrnch
3510,16666512,RexHuang936,"2026-08-07 08:51:41",347.5,2,rexhuang936
3511,16671911,"Dwi Eflatino","2026-08-09 01:01:13",347.5,2,eflatino
3512,16660450,"prashant prakash","2026-08-08 09:45:36",346.8,2,prashantprakash28
3513,16651668,Haiku,"2026-08-05 06:28:54",346.5,2,yangjiefu
3514,16684168,"Roaya Saed","2026-08-10 14:36:20",345.8,1,roayasaed
3515,16635681,"Shubham Phapale","2026-08-09 04:17:07",345.7,2,shubhamphapale
3516,16712990,shreyaaaaa9,"2026-08-12 16:17:06",345.7,1,shreyaaaaa9
3517,16641866,"Prem Gandhi","2026-08-06 19:48:18",345.4,2,gprem352
3518,16671827,"Shourya Gupta","2026-08-12 16:39:04",345.3,2,siriuspotter
3519,16660957,CREVATEC,"2026-08-11 09:30:33",344.5,2,"olakunleolalekan,samueloladeji"
3520,16659387,dharssshiniii,"2026-08-04 09:48:15",344.5,1,dharssshiniii
3521,16701041,"Meet Babariya","2026-08-10 14:21:06",344.5,1,meetbabariya
3522,16661587,"Debashis Mohapatra","2026-08-05 09:05:50",344.3,2,debashismohapatra
3523,16659804,"Gashahun Demise","2026-08-04 13:23:20",344.2,2,gashahundemiset
3524,16667033,"Geethika Sandireddy","2026-08-09 15:50:56",344.2,2,geethikasandireddy
3525,16665243,"Harshit Jha","2026-08-05 13:40:16",344.1,2,harshitjha28
3526,16659060,Pratham3gewg,"2026-08-06 18:26:51",343.9,2,pratham3gewg
3527,16643821,"arnav chaturvedi123","2026-08-02 22:16:08",343.3,2,arnavchaturvedi123
3528,16658299,"Kingki19 / Muhammad Rizqi","2026-08-05 17:14:24",343.2,1,kingki19
3529,16659203,"Praful Nayak","2026-08-05 08:17:06",343.2,2,prafulnayak2003
3530,16690612,"Mina Gayid","2026-08-11 13:48:21",342.6,2,minagayid
3531,16640933,"Bhanu prasad","2026-08-12 14:55:33",342.4,1,restlesseagle
3532,16629403,Galza98,"2026-07-31 10:09:02",341.2,1,galza98
3533,16712321,"Elias Schecke","2026-08-12 15:48:33",341.2,2,eliasschecke
3534,16662861,"Chirag Tutlani","2026-08-04 19:13:05",340.8,1,chiragtutlani
3535,16672670,RonTroy,"2026-08-11 08:59:46",340.4,2,rontroy
3536,16666316,adityakr1001,"2026-08-05 09:33:41",340.0,1,adityakr1001
3537,16658430,bruyantq,"2026-08-12 05:50:30",339.9,2,bruyantq
3538,16678355,"Tanuj Saxena","2026-08-07 10:10:24",339.9,2,tanujsaxena
3539,16664913,"ABHISHEK KUMAR","2026-08-08 06:39:04",339.3,2,abhishek6545
3540,16678283,"Ajinkya Digurkar","2026-08-11 15:46:03",339.1,2,"ajinkyadigurkar,sakshiagrawal8818"
3541,16656506,"Piyush Harde","2026-08-04 12:54:26",338.3,2,piyushharde
3542,16623099,"Bovard Doerschuk-Tiberi","2026-07-30 21:04:23",338.3,1,bovard
3543,16659280,"yahaya zayyan","2026-08-04 10:51:16",338.3,1,yahayazayyan
3544,16660579,mayank,"2026-08-06 14:41:12",338.2,2,mayank921
3545,16652899,Isha,"2026-08-09 15:29:06",338.1,2,aarohi20
3546,16668024,"Igor Burkov","2026-08-07 04:35:37",337.9,2,igorburkov
3547,16677517,justnyoike,"2026-08-10 01:12:56",337.5,2,justnyoike
3548,16707144,Kirderf,"2026-08-12 16:14:58",337.3,2,kirderf
3549,16655508,bigsea,"2026-08-04 01:31:58",336.9,2,sakamakihiromi
3550,16639684,Rubel,"2026-08-05 18:49:11",336.8,2,rubel01
3551,16658152,MingSUN007,"2026-08-04 13:46:29",336.4,2,mingsun007
3552,16663869,CYBER_TECH99,"2026-08-05 01:40:15",336.1,2,cybertech99
3553,16657887,"Yermak Petro","2026-08-12 14:51:07",335.8,2,yermakpetro
3554,16676501,"[Deleted] cf820879-5b51-45ff-9f0a-1d88833299b5","2026-08-08 08:32:10",335.7,2,kamraanmulani
3555,16673009,CruelShow,"2026-08-12 12:31:08",334.8,2,cruelshow
3556,16661576,"Yash Jumde","2026-08-11 15:14:55",334.7,2,yashjumde
3557,16681959,"shun takinami","2026-08-07 05:43:47",334.7,1,shuntakinami
3558,16707228,"Milind Bansal","2026-08-11 11:45:00",334.5,1,milindbansal18
3559,16622567,"Georgy Mamarin","2026-07-31 06:11:31",334.3,1,georgymamarin
3560,16656485,stunningvn,"2026-08-05 04:47:11",334.2,2,dedquoc
3561,16687151,harshi101,"2026-08-08 06:32:37",334.2,2,harshi101
3562,16708480,"Omar M.Moustafa","2026-08-11 18:55:58",333.9,2,omarmmoustafa
3563,16656900,Hxrsh09,"2026-08-10 14:39:46",333.6,2,hxrsh09
3564,16663253,"Albert Benjamin Asare","2026-08-06 19:29:05",333.4,2,albertbenjaminasare
3565,16632841,AGG,"2026-08-06 18:33:28",333.3,2,aleixgim
3566,16672322,"khalil ur Rehman","2026-08-12 09:22:46",333.1,2,khalilurehman
3567,16654306,Shubham,"2026-08-03 19:09:40",332.9,2,sanjayshubham24
3568,16683998,"Mahoraga save me","2026-08-07 22:09:22",332.3,2,yqngyv
3569,16658357,heetmehta18,"2026-08-07 13:30:40",331.7,2,heetmehta0000
3570,16689903,wangbohuan,"2026-08-08 09:35:12",331.5,2,wangbohuan
3571,16707519,"Pradnya Khanse","2026-08-11 12:52:07",331.4,1,pradnyakhanse
3572,16690077,"GOMATHI PRIYA","2026-08-10 10:44:52",331.2,2,gomathipriyaraj22
3573,16667601,"Audrius Molis","2026-08-05 12:27:17",330.8,2,vienas
3574,16623823,"Julieta Rubis","2026-07-31 04:45:53",330.5,2,julietarubis
3575,16684223,"Aayush Shah","2026-08-12 15:51:13",330.4,2,aayushshah265
3576,16670185,"Odilon Yehouenou","2026-08-11 20:04:46",329.8,2,odilonyehouenou
3577,16684191,"Patel Aryan D","2026-08-10 07:36:13",329.2,2,patelaryand
3578,16695937,Ryckiii,"2026-08-09 13:03:24",329.0,1,ryckiii
3579,16669523,Jackson55171,"2026-08-05 18:21:00",329.0,2,jackson55171
3580,16634720,Thiyo,"2026-08-07 03:34:07",328.1,1,thimirajayasekara
3581,16668654,"Zharkyn Makhanbet","2026-08-10 18:28:08",327.0,1,imadparadoxi
3582,16708246,StudyForUse01,"2026-08-11 16:58:19",326.9,1,studyforuse01
3583,16656595,"Sithija Amarathunga","2026-08-04 10:09:50",326.7,2,sithijaamarathunga
3584,16686950,"Kittikhun Pachana","2026-08-08 00:16:11",326.6,2,kittikhunpachana
3585,16705149,"Allen Chun","2026-08-12 06:17:49",326.3,1,allenchun
3586,16669411,"Atta Ullah","2026-08-10 13:28:30",326.2,2,attaullahqau
3587,16712185,"Vishal Khomane","2026-08-12 11:20:06",325.9,1,vishal567
3588,16691583,Caleb,"2026-08-09 14:32:52",325.7,2,collev
3589,16670090,"Gianpaolo Nettis","2026-08-08 10:01:02",325.6,2,rakes7
3590,16684250,"Alexander Sokolov","2026-08-08 09:18:15",325.5,1,cheeec0
3591,16633483,"benkerrouche abdelbasset","2026-08-07 16:11:50",325.3,1,bassetkerouche
3592,16665360,"Ayush Bhadauria","2026-08-11 16:39:55",324.8,2,ayushbhadauria50
3593,16706312,"shabbar taj","2026-08-11 16:35:57",324.6,2,shabbartaj
3594,16679872,"Kirby Won","2026-08-10 17:44:14",324.4,1,kirbywon
3595,16668032,pat999,"2026-08-08 08:30:58",323.8,2,pat999
3596,16627796,tizawa3,"2026-08-11 02:54:01",322.9,1,tizawa
3597,16655813,minerppdy,"2026-08-04 06:06:58",322.9,1,minerppdy
3598,16687574,"Yash Raghuvanshi","2026-08-07 22:09:38",322.7,2,yashraghuvanshi25
3599,16663387,Ju,"2026-08-05 23:29:38",322.3,2,juziddd
3600,16645300,szyulian,"2026-08-04 04:42:36",322.2,1,szyulian
3601,16654407,"Serendeep Rudraraju","2026-08-06 14:31:45",321.3,2,serendeeprudraraju
3602,16665371,"Kevoh Mutwiri","2026-08-11 21:01:38",321.3,2,kevohmutwiri
3603,16667684,"Tim Neale","2026-08-06 13:01:12",321.2,1,timothyjneale
3604,16663459,"Cristian Yeanpaul Palomino Calderon","2026-08-06 04:14:17",321.1,2,dawo0t
3605,16661469,"Qiqi Xie","2026-08-06 20:53:32",320.9,2,qiqixie123
3606,16653997,"Alekya Valapushetty","2026-08-05 13:52:08",320.9,2,alekyavalapushetty
3607,16637845,"Hadjmohamd Seif","2026-08-08 21:47:53",320.5,2,hadjmohamdseif
3608,16627717,da_pond,"2026-07-31 08:33:57",320.3,1,dapond
3609,16668464,Mauro,"2026-08-05 15:57:27",319.9,2,ilmaurino
3610,16701143,macneil,"2026-08-10 12:21:35",319.6,1,macneil
3611,16664863,zzzhhcc,"2026-08-12 15:07:26",319.5,1,zzzhhcc
3612,16677788,DorianCo,"2026-08-06 18:10:06",319.2,2,dorianco
3613,16676003,franck,"2026-08-06 14:59:55",318.8,2,bakura
3614,16632145,kazuki_kazukazu,"2026-07-31 14:53:13",318.8,1,kazukikazukazu
3615,16666574,"hrishit prakash","2026-08-05 13:26:37",318.4,2,hrishitprakash
3616,16662066,"Yug Savalia","2026-08-06 19:06:26",317.9,1,"priyankagarg19,yugsavalia"
3617,16654067,DataForge,"2026-08-05 10:19:25",317.9,2,"chanduchandini,goriparthiramatulasi,srilakshmipanitini,suryachakradhar"
3618,16666553,DevChheda26,"2026-08-05 09:53:22",317.6,1,devchheda26
3619,16654853,"Saketh Rao","2026-08-03 21:43:14",316.8,1,sakethrao
3620,16670485,"Evan Maksud","2026-08-12 14:10:20",316.1,2,evanmaksud
3621,16658783,"Devesh Choudhury","2026-08-07 17:08:33",315.9,2,deveshchoudhury
3622,16669756,AlgSaid,"2026-08-05 18:54:07",315.7,1,imabdallah
3623,16632881,"Brisa Marina","2026-08-07 16:13:15",315.7,1,brisamarina
3624,16700207,"S. Mujtaba Hussain","2026-08-12 09:09:07",314.9,2,smujtabahussain
3625,16708091,"Dipak Kumar Samanta","2026-08-11 15:17:04",314.7,1,dipak889
3626,16696266,"Pandarasamy Arjunan (Samy)","2026-08-09 14:16:03",314.6,1,samy101
3627,16678647,"Zorawar Singh","2026-08-06 19:55:53",314.5,2,zorawarsingh677
3628,16696887,kt-Kitayama,"2026-08-09 15:52:02",314.4,1,ktkitayama
3629,16659910,"Shraddha Kumbhar","2026-08-07 09:55:58",314.3,2,raj113
3630,16711610,cc_z_kaggle,"2026-08-12 09:33:23",314.0,1,cczkaggle
3631,16690286,imunderthetree,"2026-08-08 12:25:51",314.0,2,imunderthetree
3632,16684875,"Amitrakshar Mukherjee","2026-08-07 13:21:32",313.2,2,amitraksharmukherjee
3633,16672767,"FasterYouChase FasterIRun","2026-08-09 13:15:12",312.6,2,icoguser
3634,16661231,"R Ajay Kumar12","2026-08-04 14:12:11",312.5,1,rajaykumar12
3635,16712979,"Yusuke Tsukuda","2026-08-12 14:58:39",312.4,1,yusuketsukuda
3636,16658888,NovaBytes,"2026-08-06 07:06:34",312.3,2,"drashtisingh14,kjjkjjk3107"
3637,16662105,PunnatatJAY,"2026-08-04 16:22:50",312.0,1,punnatatjay
3638,16659900,"Abu Bakr","2026-08-04 18:30:29",312.0,2,mohamed32010
3639,16684908,"Nidal Saleh","2026-08-08 14:08:20",311.8,2,nidalsaleh
3640,16656633,N25H03A1028,"2026-08-05 05:18:45",311.1,1,pardhusadhu
3641,16698920,"Rishabh Bhartiya","2026-08-12 13:48:26",311.0,2,rishabhbhartiya
3642,16686316,"Ali mohon","2026-08-07 16:16:43",310.8,2,alimohon
3643,16635610,JeffFosterUK,"2026-08-01 17:16:52",310.6,2,jefffosteruk
3644,16657777,"sandeep kumar","2026-08-04 11:41:21",310.1,2,sandeep088
3645,16658700,"szlachetny snieg","2026-08-04 08:48:47",310.1,1,takayukiimoto
3646,16659572,"ABHILASH PRAHARAJ","2026-08-04 11:24:21",308.9,1,abhilashpraharaj
3647,16657440,Lz7_129,"2026-08-04 15:26:01",308.7,1,lz7129
3648,16670506,"Juan Andres Bravo Mejia","2026-08-05 21:40:17",308.7,1,juanandresbravomejia
3649,16676327,shu10038,"2026-08-12 08:36:15",307.5,2,shu10038
3650,16663707,DotBix,"2026-08-12 12:30:52",306.0,2,dotbix
3651,16659001,"Tim Wanjohi","2026-08-12 11:43:16",305.1,2,timwanjohi
3652,16653534,"Mohamed Amine Ettaki","2026-08-12 15:09:54",304.5,1,amine159
3653,16667365,"leul dereje","2026-08-08 06:54:54",304.1,2,leuldereje
3654,16662138,"Luan He","2026-08-10 02:14:06",303.3,2,luanhe
3655,16663191,"Arnav Anand","2026-08-04 19:53:08",302.6,1,arnavair27
3656,16659234,"MARY RAISA P","2026-08-12 15:53:58",302.0,2,"harinimala21,maryraisap,saha0102"
3657,16658644,"Hitarth Pandey","2026-08-09 03:04:42",301.9,1,hitarthpandey
3658,16673369,Frame,"2026-08-06 07:59:47",301.8,1,rainorwang
3659,16689926,"Yongxiang Zhao #2","2026-08-12 03:33:27",301.7,2,yongxiangzhao
3660,16654314,Mahamudul_Hassan_8012,"2026-08-03 18:33:07",301.4,2,mahamudulhassan8012
3661,16688165,"David @ Koantek","2026-08-08 05:42:19",300.9,2,artificialbrilliance
3662,16641331,ushi,"2026-08-05 13:33:18",300.9,1,yuki508
3663,16644519,"Shambhu Shekhar Sinha","2026-08-04 18:45:24",300.1,2,shambhushekharsinha
3664,16658761,!Aman212,"2026-08-04 12:10:28",299.9,2,aman9142424
3665,16689364,"Udbhav Purwar","2026-08-11 10:12:00",299.9,1,udbhavpurwar
3666,16665701,ManuelWick-Eckl,"2026-08-11 21:42:32",299.9,2,manuelw
3667,16660321,syafanidwina,"2026-08-05 00:41:33",299.7,1,syafanidwina
3668,16662039,"Ajat Rosadi","2026-08-04 16:58:10",299.7,2,ajatrosadi
3669,16659703,"Ananya #2","2026-08-04 12:00:26",299.4,1,ananyax8
3670,16656692,"kinza aftab 714","2026-08-04 05:43:51",299.0,2,kinzaaftab714
3671,16672325,Ispagiytiy,"2026-08-06 08:58:30",298.7,2,ispagiytiy
3672,16659374,"[Deleted] 8f7327b9-2576-439b-bd6e-3f5fde366ebe","2026-08-04 10:12:44",298.5,1,del=8b215115eb53cbc1
3673,16663003,devzohaib,"2026-08-04 21:27:30",298.3,1,devzohaib
3674,16621290,"Muhammad Ahsan","2026-07-30 17:35:00",297.8,2,ahsanneural
3675,16683970,"Zakhar Homyakov","2026-08-07 11:14:41",296.7,2,zakharhomyakov
3676,16699610,"Sneha ","2026-08-10 07:39:52",296.5,1,kharya3
3677,16676084,"Abir Majdi","2026-08-12 15:56:56",296.2,1,abirmajdi
3678,16659451,anero98,"2026-08-11 14:48:33",296.2,2,anero98
3679,16685128,"Rohan Hake","2026-08-10 12:48:36",295.7,2,rohanhake
3680,16653941,"Sachin Kumar Kushwaha","2026-08-11 08:45:11",295.6,2,sachinkumarkushwaha
3681,16664157,"Runjie Zhu","2026-08-10 11:49:13",295.6,1,damiendesolei
3682,16692652,"Harsith R","2026-08-08 20:26:56",295.6,1,chiefofpredicitions
3683,16675956,"Hassan Alghamoudi","2026-08-10 02:36:36",295.3,2,hassanabdulhafid
3684,16671985,"vishal waghchaure","2026-08-07 09:25:36",295.0,2,vishalwaghchaure
3685,16661810,AGNES33,"2026-08-04 18:44:16",294.1,2,agnes33
3686,16649650,"Ashish Barnawal","2026-08-11 04:08:04",293.9,1,klein4
3687,16659419,"Chahat Mehra","2026-08-12 09:14:41",293.7,1,chahatmehra
3688,16653319,"Md. Rasel Meya","2026-08-06 14:42:18",293.4,2,raselmeya
3689,16668506,"Louie Tang","2026-08-08 06:56:52",293.3,2,louietang
3690,16623274,Mhmda81,"2026-08-03 00:10:04",292.4,2,mhmda81
3691,16684535,Moonlight,"2026-08-09 13:41:43",291.7,2,rajesh1joc
3692,16660309,"Hazem Mahmoud Elsayd","2026-08-04 16:34:31",291.5,2,hazemmahmoudelsaid
3693,16688190,"Win M","2026-08-08 00:28:18",291.3,1,winmet
3694,16675104,"khwaja Moula'Ali","2026-08-06 11:30:49",291.0,1,khwajamoulaali
3695,16660930,"Chung Ching Yeh","2026-08-04 14:44:34",290.2,2,chungchingyeh
3696,16655786,leavts,"2026-08-04 02:35:50",290.2,1,leavts
3697,16662048,"Deekshitha Prabhakar","2026-08-06 18:15:45",289.3,2,deekshithaprabhakar
3698,16623846,"masatoshi hiraki","2026-07-31 07:52:39",288.0,2,masatoshihiraki
3699,16644210,"حسنين ساجد","2026-08-07 22:08:44",287.9,2,kutghngf98687er
3700,16632795,"vishwottam kudekar","2026-08-05 18:19:02",287.9,1,vishwottamkudekar
3701,16701060,"Paula Jimenez","2026-08-12 15:40:46",287.8,2,paulajimenez
3702,16665719,"[Armenia] Narek Petrosyan1","2026-08-05 07:49:34",287.7,1,narekpetrosyan1
3703,16685568,Secertive,"2026-08-08 17:59:52",287.0,1,secretiveplotter1863
3704,16671302,"Pratish Chaudhary","2026-08-10 00:35:01",286.2,1,pratishchaudhary
3705,16653906,swaroop41,"2026-08-04 05:53:29",286.0,2,swaroop41
3706,16676977,"Akash Babu","2026-08-11 19:18:50",285.9,2,akashbabu17
3707,16660291,"Abhijit Rajkumar","2026-08-04 13:27:44",285.8,2,abhijitrajkumar
3708,16653118,"Elmira Yekani","2026-08-12 14:41:57",285.3,1,elmirayekani
3709,16674012,ahankesumah,"2026-08-06 11:22:53",284.3,1,ahankesumah
3710,16687891,qklent,"2026-08-09 19:44:12",284.1,1,qklent
3711,16650930,"Govind Sharma","2026-08-11 10:11:39",284.1,2,govindsarswat
3712,16621243,"Jesse Bullard","2026-07-31 21:20:21",284.0,1,jessebullard
3713,16712086,"Zubair Shafi","2026-08-12 11:40:07",282.6,2,zubairshafi5050
3714,16655292,"Ingrid Fellah","2026-08-04 06:31:35",282.5,2,ingvor
3715,16623528,"Faijur Rahaman","2026-07-31 03:43:56",282.5,2,faijurrahaman
3716,16654256,"KONGARA PRASANTH","2026-08-04 03:40:27",282.3,2,prasanth2008
3717,16656515,"Rushal Manandhar","2026-08-06 04:15:01",282.2,1,rushalmanandhar
3718,16656287,sandip_shaw123,"2026-08-05 10:02:07",282.1,1,sandipshaw123
3719,16713061,Yuk!,"2026-08-12 15:08:37",281.5,1,mitsuyukiokamura
3720,16661711,"Wild Star217","2026-08-10 18:57:19",281.0,2,wildstar217
3721,16658567,"Sharif Mohamed (1)","2026-08-04 13:16:47",280.8,1,sharifmohamed1
3722,16676007,"Lao KENAO","2026-08-11 22:57:07",280.2,2,laokenao
3723,16690500,Mr.NoT_GaMeR,"2026-08-08 12:06:18",280.2,2,joshdilipkumarpatel
3724,16663277,"Mariana Mejía","2026-08-12 01:05:16",279.9,2,marianameja
3725,16672284,"Dhruv | AI/ML Engineer in Progress","2026-08-07 06:55:13",279.9,1,dhruvdipakchudasama
3726,16674093,"Hoàng Trần Đặng Minh","2026-08-06 08:54:38",279.9,1,hongtrnngminh
3727,16668152,ksew364,"2026-08-07 16:02:09",279.8,1,ksew364
3728,16661093,"INDRAJIT SWAIN","2026-08-08 13:53:20",279.7,2,indrajitswain
3729,16662603,"Shem Gikunda","2026-08-06 17:24:48",279.4,1,shemgikunda
3730,16658311,zkskhurram,"2026-08-05 07:59:40",279.4,2,zkskhurram
3731,16661393,"razab Bawa","2026-08-09 08:51:35",279.3,2,razabbawa
3732,16667691,alexanderctrl,"2026-08-06 09:34:19",278.5,1,alexanderctrl
3733,16687620,Goktug1,"2026-08-11 19:23:39",278.3,2,goktug1
3734,16636540,"Burkova Nastia","2026-08-01 13:34:02",277.8,2,"burkovanastia,ellvalerie"
3735,16663333,"Iago Moura e Moreira","2026-08-04 20:05:06",277.7,1,iagomouraemoreira
3736,16654244,"Saad Nanawala","2026-08-03 18:17:33",277.7,1,saadnanawala
3737,16663438,"Varun Prajapati","2026-08-08 21:54:54",277.2,2,"krunalasari,varun2206"
3738,16639465,"Gabriel Aguiar Leao","2026-08-02 00:23:49",277.0,1,"gabrielaguiarleao,marcositta"
3739,16665614,MesonLabs,"2026-08-11 06:17:27",276.9,1,mesonlabs
3740,16639692,"Nirmal Patel","2026-08-06 03:05:27",276.0,2,nirmalpatel02
3741,16668018,"DAVID CHEW HL","2026-08-06 06:36:34",275.4,2,davidchewhl
3742,16687514,Dark_1926,"2026-08-07 20:30:33",275.0,1,dark1926
3743,16689933,"Anjali Shah","2026-08-12 08:18:58",274.7,2,anjalishah0306
3744,16665463,Seendon,"2026-08-06 19:19:25",274.4,2,informationminer
3745,16682345,Gordy,"2026-08-07 09:43:58",274.2,1,gordyii
3746,16661689,"David Rao","2026-08-04 18:27:01",274.1,1,davidrao63
3747,16668379,dccgps,"2026-08-08 05:44:36",273.5,1,dccgps
3748,16706181,"Juvenal Pedro Baptista","2026-08-12 10:22:10",273.2,2,juvenalpedrobaptista
3749,16670462,"Talha Kayar","2026-08-08 00:03:33",272.3,2,talhakayar
3750,16662589,"Arunagirinadan Sudharshan","2026-08-08 14:01:09",272.2,1,sudhanaruna
3751,16654827,"ADITYA KUMAR MISHRA","2026-08-03 20:07:22",272.2,1,aditya1kumarmishra
3752,16652159,Boson328,"2026-08-04 10:06:13",272.1,1,boson328
3753,16644360,Mathous,"2026-08-02 20:28:00",270.5,1,mathisdac
3754,16695951,"Gleb Makarenko","2026-08-09 18:21:25",270.5,2,gleny48
3755,16660990,"Bunny Tang","2026-08-04 13:52:24",269.3,2,tanghung64
3756,16693949,"Eric Worrall","2026-08-09 05:35:37",268.9,1,ericworrall
3757,16671342,"Danh Nguyen 1303","2026-08-09 14:47:52",268.9,1,danhnguyen1303
3758,16687337,"sravani kamjula","2026-08-07 19:38:39",268.8,2,sravanikamjula
3759,16713319,"David Tilman","2026-08-12 16:22:31",268.0,1,davidtilman
3760,16632566,maco-macoo,"2026-07-31 18:04:20",267.8,1,macomacoo
3761,16700832,Blitz,"2026-08-10 11:37:18",267.7,1,premshinde
3762,16662108,nhkien,"2026-08-05 06:52:18",267.6,2,nhkien
3763,16677403,bababoy,"2026-08-06 17:14:29",267.2,1,adrienrenard
3764,16659283,"DILEEP POTHULA","2026-08-08 06:43:15",267.0,2,dileeppothula
3765,16667063,"Amiksha S","2026-08-09 15:16:49",266.6,1,amikshas
3766,16662721,"Manish Sharma","2026-08-11 07:13:05",266.2,2,themihirsharma
3767,16661252,"Andrzej Walczak","2026-08-05 09:46:19",266.0,2,andrzej1983
3768,16675428,"Farhan Khairullah","2026-08-09 16:22:00",264.9,2,farhankhairullah06
3769,16669473,"William Bickelmann","2026-08-05 17:47:13",263.7,1,williambickelmann
3770,16655682,"Azamat Sadikov","2026-08-04 03:25:41",261.9,1,azamatsadikov
3771,16654293,"Jatin N. Soni","2026-08-11 05:28:09",261.5,1,jatinsoni111
3772,16632724,"Sayan Dutta","2026-08-04 07:47:42",261.4,1,sayan1507
3773,16623131,"Liam Carrig Newsam","2026-08-04 00:00:03",261.2,1,liamcarrignewsam
3774,16682051,"Noorjahan Siddiqui","2026-08-10 09:33:35",260.4,2,noorjahansiddiqui
3775,16713329,qrcodeTH,"2026-08-12 16:33:20",259.0,2,thanaphumsaywonin
3776,16674878,KirillKlem,"2026-08-08 23:47:28",258.9,2,kirillklem
3777,16644765,MoeCode,"2026-08-08 02:07:24",258.1,2,syrianeagle
3778,16683421,"Ruchita Yadav","2026-08-08 20:02:35",257.9,2,ruchitayadav20
3779,16658383,"SIVA S","2026-08-12 05:05:58",257.9,2,codingmaster24
3780,16660749,"PavanK Saketh","2026-08-04 13:38:48",257.2,2,pavanksaketh
3781,16684237,Zen_0910,"2026-08-07 17:07:02",256.7,1,zendeptrai
3782,16681610,"team maccy","2026-08-07 20:27:06",256.6,1,robertgama
3783,16657344,"Ombayo fredrick","2026-08-04 14:04:04",256.4,2,ombayofredrick
3784,16682689,HenryRichardson1,"2026-08-07 10:00:12",255.5,1,henryrichardson1
3785,16698164,"Ruizhang Zhi","2026-08-10 00:54:03",253.7,1,ruizhangzhi
3786,16664044,IntentionalSayshara,"2026-08-10 22:55:57",253.6,2,jaelle
3787,16651507,jappanini,"2026-08-03 09:14:04",253.5,1,jappanini
3788,16657525,"Alae Lakhdar","2026-08-05 08:10:49",253.3,1,alaelakhdar
3789,16663448,"Adel I.","2026-08-07 12:55:44",252.4,2,adelid
3790,16690499,SuperAI@2615,"2026-08-11 16:42:48",251.3,2,superai2615
3791,16707941,ニイエチカイン,"2026-08-11 14:06:04",251.0,1,j4ck99
3792,16656771,"thushara bandara","2026-08-07 04:13:43",250.6,2,dushyanthibandara
3793,16668048,"Gazi Sayem Uddin Samir","2026-08-05 14:29:51",248.6,2,gazisayemuddinsamir
3794,16663910,"Shivram Nekkanti","2026-08-07 14:38:04",248.5,1,shivramnekkanti
3795,16679470,"GamaL Mahmoud","2026-08-08 13:33:52",247.8,2,gamalmahmoudtaha
3796,16667238,"Srija ganguluri","2026-08-07 10:14:48",247.0,1,srijaganguluri
3797,16709481,"Gerbilles Saucières","2026-08-12 14:21:51",246.3,1,"benjaminhrt30,volbox1902"
3798,16698886,pied_piper,"2026-08-10 14:11:15",246.2,2,ahanhalder
3799,16656164,"Justin Schomer","2026-08-09 09:05:59",246.0,2,fathersecurity
3800,16701106,moshito,"2026-08-10 14:13:58",246.0,2,"danamaulana123,moshito,naufaldhiaulhaq01"
3801,16668819,"ahmedou sidi med","2026-08-05 19:39:59",245.8,2,ahmedousidimed
3802,16698399,liuzhangzhen,"2026-08-10 09:49:23",245.2,1,liuzhangzhen
3803,16653462,"Ruchi Scott","2026-08-12 12:19:19",244.1,2,ruchiscott
3804,16677328,"Eng. Husnain","2026-08-08 13:13:23",243.6,2,enghusnain
3805,16633003,"K Mukhiya ","2026-08-01 12:09:51",243.4,2,kmukhiya
3806,16661500,"yagnit sutariya","2026-08-04 15:34:39",243.0,1,yagnitsutariya
3807,16655482,Apoorv007,"2026-08-04 01:55:41",242.0,1,apoorv007
3808,16663913,"Aanaa Kaliil","2026-08-05 15:15:31",241.1,2,aanaakaliil
3809,16693318,meow3301,"2026-08-09 02:33:34",240.0,2,meow3301
3810,16666719,helenkwok,"2026-08-06 14:55:20",239.7,1,helenkwok
3811,16666037,"Matheus Marques","2026-08-06 06:03:28",239.3,2,mathmarquesbr
3812,16660285,"Sawan Kohli","2026-08-06 13:11:44",239.3,2,sawankohli
3813,16685093,"Huzaifa Inam","2026-08-07 13:47:15",239.1,2,huzaifainam
3814,16662803,"Ashish Gawade","2026-08-04 19:11:19",238.5,2,ashishgawade
3815,16656278,"Bhuvaneshwari Rebba","2026-08-04 09:20:36",238.2,1,bhuvaneshwarirebba
3816,16660146,4Solver,"2026-08-08 02:06:19",237.7,2,msfbiolinhares
3817,16679713,"John william Vicente 🇧🇷","2026-08-07 00:38:57",237.1,1,chrollo079
3818,16664199,SomyaSingh_07,"2026-08-10 14:38:31",235.4,2,somyasingh07
3819,16709918,GUI666,"2026-08-12 13:16:39",235.4,2,gui666
3820,16630725,"vaibhav vyas","2026-08-06 10:56:52",234.9,2,vaibhavvyas0
3821,16632111,"Arda Çiftçi","2026-08-04 20:03:37",234.9,2,ardaciftci
3822,16662269,"KAMLESH KUMAR POKHARNA","2026-08-06 17:25:51",234.4,2,kamleshkumarpokharna
3823,16668495,Herisitraka,"2026-08-05 17:16:28",234.1,2,herisitraka
3824,16661331,"John Wessel","2026-08-12 13:58:58",234.1,1,johnwessel
3825,16641277,Zenieverse,"2026-08-05 08:06:17",233.6,2,zenieverse
3826,16697466,"hunain shahid","2026-08-11 06:12:38",233.4,2,hunainshahid230
3827,16657628,Hamo,"2026-08-07 12:00:21",233.3,2,mohamed2223
3828,16698307,AnasAl7,"2026-08-10 13:08:08",233.3,2,anasal7
3829,16632418,"Bretokce 3amich","2026-08-07 12:18:26",233.0,2,bretokce3amich
3830,16658522,"Amna khanii23","2026-08-07 05:15:47",233.0,2,amnakhanii23
3831,16656210,"Sanjay Suthraye","2026-08-04 14:55:13",232.9,2,sanjaysuthraye96
3832,16662123,hannhu40022,"2026-08-04 18:45:07",231.8,2,hannhu40022
3833,16658969,"Yuri Maslov","2026-08-04 10:11:45",231.6,1,yurimaslov
3834,16690195,"Manshi Shukla","2026-08-08 10:12:24",230.9,2,manshishukla
3835,16633466,"Aarush pandey","2026-08-02 19:49:05",230.8,2,aarushpandey
3836,16662099,"The Algorithmist","2026-08-04 23:41:59",230.7,2,riyagheewala
3837,16633342,farm75,"2026-08-03 14:03:14",230.6,2,sakthi75
3838,16661142,"Phú Nhân Nguyễn","2026-08-12 15:01:17",230.3,2,phnhnnguyn
3839,16683136,"Stefano Ciaci","2026-08-12 08:54:27",230.2,2,stefanovcciaci
3840,16688288,"Ojo Oluwadamilare","2026-08-08 01:43:30",229.8,2,ojooluwadamilare
3841,16624973,"Mrunmayee Kulkarni","2026-07-31 06:16:46",229.6,1,kulmrun
3842,16666414,salyamq,"2026-08-05 16:41:38",229.3,1,salyamq
3843,16666706,baijiachang,"2026-08-05 11:04:21",228.8,1,baijiachang
3844,16658401,"Aryan Lonare","2026-08-04 09:55:47",228.7,2,aryandyalullonare
3845,16629441,Sofia_Gilka,"2026-08-01 07:45:58",228.5,2,sofiagilka
3846,16629426,"Abdullah Qureshi","2026-07-31 10:00:44",228.2,2,abdullahqureshi120
3847,16659871,"Abel Kpoton","2026-08-04 20:41:20",227.5,2,abelkpoton
3848,16662749,Jordan,"2026-08-10 04:09:38",226.8,2,extergeist
3849,16650372,GreedShen,"2026-08-10 10:21:09",226.2,1,greedshen
3850,16699578,kakanekoka,"2026-08-12 13:35:37",226.2,1,kakanekoka
3851,16681056,"Aryan Jhingan","2026-08-11 18:53:48",226.0,2,aryanjhingan
3852,16713218,"Julien Baumgartner","2026-08-12 16:04:51",225.8,2,julienbaumgartner
3853,16670747,"Aryan Kumar Chaudhary","2026-08-11 22:46:05",225.6,2,"aryankumarchaudhary,rakshitmundra"
3854,16656954,"Marwan Elmetwally","2026-08-04 05:56:29",225.5,2,marwanelmetwally
3855,16630041,"Devi prashad tripathi","2026-08-03 17:56:58",225.4,1,deviprashadtripathi
3856,16635248,eosphor,"2026-08-01 09:46:59",225.0,2,eosphor
3857,16695221,"Muhammad Daud Abbas","2026-08-11 00:46:46",224.0,2,muhammaddaudabbas
3858,16661846,"Jeffrey Pike","2026-08-08 04:07:47",223.2,2,jeffreypikeai
3859,16664586,"Owen Lim","2026-08-05 05:42:25",222.8,2,owenlim45
3860,16657306,"Krunal Chavda","2026-08-07 21:38:11",221.8,2,krunalchavda21
3861,16657227,"Anusha Marla","2026-08-04 07:05:53",221.7,2,anushamarla
3862,16686834,Kaabbil,"2026-08-09 16:14:49",221.6,2,"dr3aking,kaabbil"
3863,16660978,"Maksym Khavil","2026-08-04 13:43:48",221.3,1,maksymkhavil
3864,16662662,"Joaquim Jose1","2026-08-04 17:57:03",220.8,1,joaquimjose1
3865,16662714,"Amilcar Rodriguez","2026-08-08 21:14:02",220.7,2,amilcarskt
3866,16681895,Akshar,"2026-08-07 06:16:19",220.4,2,aks0625
3867,16659036,"Mohammed Kaif","2026-08-04 10:41:22",220.3,2,mkaif001
3868,16655573,"Probablyaphilosopher ","2026-08-07 06:03:00",220.0,2,probablyaphilosopher
3869,16662023,"Vikas Kumar","2026-08-06 17:08:52",219.3,2,vikshit104
3870,16695376,Garv88,"2026-08-11 18:30:40",219.2,1,garv88
3871,16682262,"Pardeep Singh","2026-08-09 09:06:29",218.0,1,pardeep06
3872,16707062,"G DOLANARASIMHA","2026-08-11 12:18:02",216.3,2,gdolanarasimha
3873,16662859,"Mohamed Zahran","2026-08-05 04:41:56",216.0,1,zrnking2012
3874,16667968,ChronosData,"2026-08-12 13:09:27",214.9,2,codex5843
3875,16654124,"Aditya Kumar Singh","2026-08-05 09:57:29",214.9,2,adityq121608
3876,16657462,"CROP CODERS","2026-08-10 18:00:28",214.5,2,"dhanvanthraj,raghavan9944,shanmugam666,sitha2345,sumaiyahibrahim"
3877,16665223,"Sawon Mitra","2026-08-07 11:11:17",214.2,2,sawonmitra
3878,16657578,raushancoursework,"2026-08-05 06:54:51",214.1,1,raushancoursework
3879,16668211,"Alejandro Hernández Mairal","2026-08-11 16:35:32",214.0,1,alherma7
3880,16676026,"Bedashree Swarupa Das","2026-08-06 14:14:21",213.3,1,ashokkumardasbedashr
3881,16662630,"M.mohamed Muhasir","2026-08-05 18:25:39",212.9,2,mmohamedmuhasir
3882,16674390,yangluo1,"2026-08-08 01:31:08",212.2,2,yangluo1
3883,16680858,"Harshul Gupta","2026-08-10 23:16:29",210.8,2,harshulgupta77
3884,16706557,"Nurullah Gundogdu","2026-08-11 17:52:07",210.8,2,nurullahgundogdu
3885,16690433,"Amar Amar Gupta","2026-08-12 09:37:49",210.0,2,amaramargupta
3886,16690199,"Lavkush Yadav","2026-08-08 10:20:55",209.5,1,lavkushyadavcse
3887,16669142,"Jaclyn Agee","2026-08-07 15:21:06",209.3,2,jaclynagee
3888,16669168,"Kingsley Jide","2026-08-11 16:34:54",209.2,2,kingsleyjide
3889,16692568,"Muhammed Gulfam Toor","2026-08-11 15:33:07",209.0,2,gultoor
3890,16623953,"Denuwan Wijesinghe","2026-08-01 07:57:04",208.3,2,denuwanwijesinghe
3891,16621770,"Rudraksh Zodage","2026-07-30 20:07:49",207.7,2,rudrakshzodage
3892,16660342,"Adapa Gopireddy","2026-08-04 12:49:43",207.6,1,adapagopireddy
3893,16711673,losingself,"2026-08-12 09:07:45",206.9,1,level14taken
3894,16664458,"Prantik Chandra","2026-08-05 05:47:10",206.7,1,prantikchandra
3895,16710459,Nironiro,"2026-08-12 07:37:12",206.6,2,nironiro
3896,16661447,"Sibel Özbek","2026-08-04 20:50:27",206.1,1,sibelzbek
3897,16669314,"Editor Jugnu AI","2026-08-09 07:34:00",205.6,2,editorjugnuai
3898,16706184,"Lingaraju Saikumar","2026-08-12 15:54:51",205.4,2,lingarajusaikumar
3899,16671232,"sms tcil","2026-08-07 13:03:30",205.1,1,smstcil
3900,16667231,bettsy,"2026-08-05 12:12:35",204.8,2,bettsy
3901,16658635,"Deepak Kumar ","2026-08-05 02:38:29",204.2,2,deepak2026ml
3902,16634761,"CHARHBILI Moad","2026-08-07 13:44:23",203.8,1,charhbilimoad
3903,16699488,"Kelvin Lai","2026-08-12 15:34:50",203.7,2,kelvin84hk
3904,16667886,"Ubaid ur rehman 0345","2026-08-05 15:23:12",203.0,2,ubaidurrehman0345
3905,16663265,"Darlington Ayakazi","2026-08-04 20:26:08",202.3,1,darlingtonayakazi
3906,16662557,"Naman Sudershan","2026-08-05 13:21:08",201.6,2,namansudershan
3907,16683577,"Ankush Kumar M","2026-08-07 13:19:05",201.5,2,ankushkumarm
3908,16660270,Ziel_Lux,"2026-08-12 03:43:29",201.1,2,nahbilafaith
3909,16659840,"Dasari Giri Gabrelu","2026-08-05 13:41:11",201.1,2,giridasari
3910,16709957,"Lei Gao","2026-08-12 04:03:42",200.8,1,leigao31
3911,16665230,"Jack Burley","2026-08-12 15:29:58",200.4,2,jackburley
3912,16712395,"Zuohong Pan","2026-08-12 12:15:40",199.8,1,pshuaibi
3913,16658440,"Gloria Lourelynn S","2026-08-04 15:16:09",199.6,1,glorialourelynn
3914,16700316,"Pranav Waghmare","2026-08-11 16:29:05",197.1,1,waghmarepranav6
3915,16644702,cracker_1_war,"2026-08-05 23:15:26",197.1,2,cracker1war
3916,16623660,"Taylor S. Amarel","2026-07-31 23:36:48",196.9,1,taylorsamarel
3917,16656235,"Zain Ul Abideen Samo","2026-08-06 15:22:02",196.8,2,zainulabideensamo
3918,16656685,"Shravani Hibare","2026-08-05 10:15:36",196.5,2,shrahib4725
3919,16659271,Hamish,"2026-08-12 12:48:51",196.2,2,hamishdickson
3920,16664875,SaiSujitPunukollu,"2026-08-05 05:46:11",195.8,1,saisujitpunukollu
3921,16625029,Hilarus,"2026-08-01 15:59:02",195.3,2,hilagbag
3922,16649314,"Yuka,Ota","2026-08-06 02:36:05",193.6,1,yukaika
3923,16647390,"guoqin gu","2026-08-11 08:54:59",192.5,1,guoqingu
3924,16658362,MHaurel,"2026-08-09 15:32:45",192.2,1,hetax17
3925,16690112,"Ayush Tripathi","2026-08-12 08:58:13",192.1,2,ayushtripathi112
3926,16640600,"Giord Frank","2026-08-11 12:29:59",191.8,1,tangerinedog
3927,16696384,Sisu16,"2026-08-12 13:51:21",191.4,1,sisu16
3928,16670662,"Gina Lee","2026-08-11 22:45:21",190.3,2,ginaleegdm
3929,16707749,Yuzu,"2026-08-12 15:42:04",189.6,2,yuzuoctopus
3930,16659041,"uma mahesh23","2026-08-04 11:50:03",189.5,2,umamahesh23
3931,16662083,ihabkaggle,"2026-08-07 00:42:33",189.4,2,ihabkaggle
3932,16656815,"Atharva S. Naladkar","2026-08-06 06:46:40",189.0,2,atharvasnaladkar
3933,16656643,"Willetta Dettore","2026-08-05 15:33:52",188.9,2,willettadettore
3934,16653934,"Ayomide Abdulrahmon","2026-08-03 19:22:32",187.7,2,ayomideabdulrahmon
3935,16657561,Roshdibenrojo83,"2026-08-04 07:19:05",187.3,2,roshdibenrojo83
3936,16659415,PincheCabrón,"2026-08-04 20:56:51",186.2,1,pinchecabrn
3937,16679979,Pranav6657,"2026-08-07 02:40:48",186.1,1,pranav6657
3938,16657378,doteeee,"2026-08-05 07:23:43",184.6,1,narendra
3939,16664315,happy_boy_2007,"2026-08-12 09:04:40",183.9,1,happyboy2007
3940,16690188,Anurag,"2026-08-08 10:20:42",183.3,2,kumaranu2007
3941,16691502,"DILANE FOGUE KAMGA","2026-08-08 15:20:05",182.4,1,dilanekamga
3942,16670552,"Harsh Chaudhary ml","2026-08-05 22:16:25",181.6,1,harshchaudharyml
3943,16697716,ZEO,"2026-08-09 19:43:41",181.5,1,anuppatil29
3944,16689881,"yuki #2","2026-08-12 08:09:06",181.2,2,hosikusa
3945,16626159,"Cảnh Đinh Tiến","2026-08-02 09:17:36",180.5,2,tourist110406
3946,16670547,"Maduako Prince","2026-08-05 22:53:03",180.2,2,maduakoprince
3947,16658577,farmercode261,"2026-08-12 04:21:27",180.1,2,hifnikhakim
3948,16633511,"joshan gladston","2026-08-01 01:19:57",180.0,2,joshangladston
3949,16674774,"Dine ALASSANE","2026-08-07 05:53:28",179.1,2,dinealassane
3950,16660073,"Mahad Kakooza","2026-08-12 14:10:43",179.1,2,mahadkakooza
3951,16669703,AnubhavBhadani142,"2026-08-10 19:58:58",178.9,2,anubhavbhadani142
3952,16673870,"Yuxiao Wang","2026-08-12 08:39:34",178.0,2,yuxiaowangx
3953,16662295,"benja cooper","2026-08-04 17:41:28",177.8,2,benjacooper
3954,16674328,daniel,"2026-08-06 09:34:23",177.6,1,dkamgamegasoft
3955,16659308,Attaerabi,"2026-08-05 07:52:52",176.1,2,attaerabi
3956,16636855,"Wynn Koo","2026-08-01 14:03:04",175.6,1,yongfenggg
3957,16675209,lavica,"2026-08-11 13:23:03",173.6,2,lavica
3958,16710773,Openaiskrip,"2026-08-12 07:54:38",172.9,2,openaiskrip
3959,16634352,"sovit karki","2026-08-03 10:25:41",172.7,2,sovitkarki
3960,16662547,"hiteshsinh solanki","2026-08-05 07:59:16",172.7,2,hiteshsinhsolanki2
3961,16661160,"Roobhasridevi P","2026-08-04 14:31:22",172.5,1,roobhasridevi
3962,16656240,"SACHIN KUMAR","2026-08-10 03:13:24",171.0,2,sackm123
3963,16657303,"Tejas Tiwari","2026-08-04 07:32:17",170.8,1,tejaat
3964,16707951,K_ChanHo,"2026-08-12 14:34:02",170.5,2,kchanho
3965,16654559,"Kerem Ali AVCIOĞLU","2026-08-03 19:28:49",170.5,2,keremaliavciolu
3966,16683220,Kongali,"2026-08-10 01:24:37",170.0,2,kongali
3967,16660340,"pawan sondhiya","2026-08-07 06:22:38",169.7,2,pawansondhiya
3968,16654556,anjipoo,"2026-08-05 15:33:04",168.7,2,anjana0812
3969,16659675,"M.Athallah Rafif Aldera","2026-08-06 12:40:14",168.7,2,mathallahrafifaldera
3970,16654482,SarahShams,"2026-08-10 22:45:13",166.6,2,sarahshams
3971,16659097,noril09,"2026-08-04 11:56:35",166.6,2,noril09
3972,16665079,"Maguluri Keerthi","2026-08-05 06:16:03",166.4,2,magulurikeerthi
3973,16662809,"Chukwu Excellent","2026-08-08 22:06:34",165.4,2,chukwuexcellent
3974,16673981,"Aarya Jadhav","2026-08-06 09:18:52",164.4,1,aaryajadhav0310
3975,16657055,RedKiwi,"2026-08-05 05:57:34",163.8,2,tnmthai
3976,16654509,"Shruti Kondabathula","2026-08-07 18:17:56",162.6,2,shrutikondabathula
3977,16662334,"Andres Beltran","2026-08-04 22:58:11",161.3,2,andresbeltran05
3978,16621519,Ᏸ𐍂Ꭷ,"2026-07-30 17:30:30",160.8,2,dheerajkannaujiya
3979,16712633,"Andy Andy","2026-08-12 14:05:07",160.8,2,andy3373
3980,16663897,jayaBhavagan,"2026-08-05 19:34:36",160.4,1,jayabhavagan
3981,16662455,"Nenavath Shashi","2026-08-04 18:04:52",159.5,2,nenavathshashi
3982,16654710,"Ray Brothers","2026-08-11 07:08:22",159.0,2,"madhurjyaray,vibekodr"
3983,16662204,Sagar_Mane104,"2026-08-12 09:05:29",158.5,2,sagarmane104
3984,16668599,"Hafsa Anwaar","2026-08-05 17:43:21",157.6,2,hafsaanwaar
3985,16661098,"Muhammad aufa azmi","2026-08-04 15:18:35",155.7,2,muhammadaufaazmi
3986,16667080,King-damon,"2026-08-12 07:49:11",155.5,2,kingdamon
3987,16623094,"Claudia Arias Gonzalez","2026-08-10 21:52:18",154.8,2,claudiaariasgonzalez
3988,16662230,"Angus Mc Gregor","2026-08-10 06:57:19",154.6,2,angusmcgregor
3989,16622943,"Erwin Huizenga","2026-08-10 19:29:56",154.1,2,erwinh
3990,16656431,"Venetta Smithen","2026-08-12 11:39:00",153.8,2,venettasmithen
3991,16660886,"Dr.Eldirdiri Fadol ","2026-08-05 05:30:48",153.2,2,dreldirdirifadol
3992,16677441,"ERREGUI YOUSSEF","2026-08-06 18:02:39",152.7,2,erreguiyoussef
3993,16625663,sota1111,"2026-08-04 13:06:40",152.7,2,sota1111
3994,16669060,Twansss,"2026-08-10 05:08:22",149.7,2,twansss
3995,16668691,BeltusTebid,"2026-08-05 16:01:45",148.2,1,beltustebid
3996,16663352,"Avnish Sharma","2026-08-12 15:01:07",147.2,2,kewlaz
3997,16667773,ShashankJha,"2026-08-11 15:41:47",145.8,2,shankinfy
3998,16658297,"Charishma Pillapalem","2026-08-11 12:46:56",144.8,2,charishmapillapalem
3999,16666072,Abinash,"2026-08-05 15:07:52",144.7,2,abinashsinha1726
4000,16677312,"Kavuri Sravya","2026-08-06 17:26:57",144.7,1,kavurisravya
4001,16655748,revathip,"2026-08-06 06:00:14",143.7,2,revathiprakash
4002,16662715,"Great Okwuma","2026-08-05 10:59:35",143.5,2,greatokwuma2
4003,16707468,"SBJ 2205","2026-08-12 09:59:33",142.4,1,sbj2205
4004,16633018,purelilyth,"2026-08-11 17:46:51",142.2,2,purelilyth
4005,16666836,"Emir Ayvaz","2026-08-07 05:57:00",142.0,2,emirayvaz
4006,16658100,"Nanda Riansyah","2026-08-04 08:55:54",141.9,2,nandariansyah
4007,16679250,srskat,"2026-08-09 10:57:52",141.1,2,srskat
4008,16662243,"Cepeda Braxton","2026-08-04 19:31:54",141.0,2,cepedabraxton
4009,16641109,zzgtylors,"2026-08-06 06:21:50",140.7,2,zzgtylors
4010,16661419,"Shivansh Soni","2026-08-04 15:08:01",139.9,2,shivanshsonii
4011,16663864,RamónLópez,"2026-08-12 11:37:37",139.5,2,lopeznomar
4012,16705318,arminhej96,"2026-08-11 12:53:50",138.7,2,arminhej96
4013,16705637,"Vedant Ghodekar","2026-08-11 05:28:57",138.4,1,vedantghodekar
4014,16658695,"Muskan Zahid","2026-08-04 14:14:02",138.0,2,artificial52
4015,16659817,"Viet Anh Ngo ","2026-08-04 10:55:41",137.9,1,vietngogm
4016,16667489,"Cornol Lieto","2026-08-05 12:31:14",137.2,1,lietocornol
4017,16657486,"Turhan TAS","2026-08-10 09:21:40",136.4,1,turhantas
4018,16667550,"Oseni Sakariyau Oluwadamilare ","2026-08-11 23:39:23",135.6,2,sakabambam
4019,16658666,"VMax Agents","2026-08-04 10:57:49",135.0,1,"akhiildheep,mithun5353"
4020,16626218,"Srishti Gauraha","2026-08-08 05:40:23",133.9,1,srishtigauraha
4021,16659582,"Srikanth Adivanna","2026-08-04 11:25:45",131.0,1,srikanthadivanna
4022,16707146,kaganou,"2026-08-11 13:19:53",129.3,1,kaganou
4023,16656777,"Salam Alqerem","2026-08-12 11:04:24",129.1,2,salamalqerem
4024,16691542,Tushar_SVC,"2026-08-11 04:12:09",128.6,2,tusharsvc
4025,16690029,Nitesh_Prajapati2569,"2026-08-12 10:22:02",125.0,2,niteshprajapati2569
4026,16640594,Win2207,"2026-08-07 12:05:07",122.5,2,win2207
4027,16679847,"Julio Contreras","2026-08-10 23:25:04",122.0,2,juliocontreras
4028,16632413,"Varun Patil","2026-07-31 18:41:34",121.9,1,varunpatil262005
4029,16698953,Locked_in_hell,"2026-08-11 12:38:25",121.6,2,stealthknight
4030,16670724,"Neel Patel","2026-08-12 02:20:48",121.5,2,n33lpat3l
4031,16662875,Jimmy,"2026-08-12 00:49:28",118.8,2,jiyo4476
4032,16690055,"Prem Kumar","2026-08-12 09:37:22",118.4,2,premkumar099
4033,16658290,rrishavrraj,"2026-08-10 17:45:20",117.6,2,"rrishavrraj,shubhamkumar9812"
4034,16658898,"SRI shiva","2026-08-07 17:21:07",115.9,2,srishiva
4035,16693819,"Hossein Shad Manaman","2026-08-12 03:14:58",115.5,2,hosseinshadmanaman
4036,16705490,"KASTHURI DEVI M","2026-08-11 06:23:16",113.8,2,kasthuridevim
4037,16633250,Myst19,"2026-08-03 13:25:15",113.2,2,jakeschweikhart
4038,16644474,"Vihaan Ahluwalia","2026-08-05 13:16:21",113.0,2,vihaanahluwalia
4039,16708290,"Hrishikesh Thakare","2026-08-12 14:45:08",111.7,1,hrishikeshthakare
4040,16673732,"Async Null","2026-08-06 16:55:26",108.7,1,asyncnull
4041,16668756,"Clark Kitchen","2026-08-11 03:28:39",107.9,1,clarkkitchen
4042,16658702,sherlockwatson007,"2026-08-10 08:16:24",107.5,2,sherlockwatson007
4043,16683075,"Manuel lasarte León","2026-08-12 08:36:57",106.4,2,manuellasarte
4044,16665345,saurabh10june,"2026-08-05 11:53:47",104.8,2,saurabh10june
4045,16675863,"Habib ullah","2026-08-12 07:41:16",103.5,2,habibullah123456789
4046,16709339,"Mohammad Javad Dianat","2026-08-12 09:04:58",103.4,2,dianatofficial
4047,16624064,"Hemant Ahlawat","2026-07-31 15:52:56",103.4,2,happyahlawat
4048,16664822,"Prateek Singh","2026-08-05 05:30:22",102.8,2,pra73ek
4049,16667339,"Victor Chege","2026-08-05 15:02:17",102.4,2,victorchege0
4050,16711383,"Monika Kocianova","2026-08-12 10:28:30",101.3,2,monikakocianova
4051,16654087,Gabriela_Fernandes4,"2026-08-04 19:12:33",101.2,1,gabrielafernandes4
4052,16663694,"Dimitri ZABRE","2026-08-07 19:51:35",100.4,2,dimitrizabre
4053,16661152,"Dr.Abdulbaset Musleh","2026-08-11 15:18:35",99.1,2,drabdulbasetaledresi
4054,16679410,"Leke Glean","2026-08-07 17:29:04",98.9,2,lekeglean
4055,16708230,"jose manuel Tinajero","2026-08-11 21:15:18",96.6,2,josemanueltinajero
4056,16676428,wayzhengong27,"2026-08-08 06:34:59",95.7,2,"kkkuek,wayzhengong27"
4057,16669011,"Siddiqui Rehan Ahmed Furqan","2026-08-07 05:24:38",91.2,2,siddiquirehanahmed
4058,16684847,"M.Harshavardhan Raju","2026-08-09 16:15:49",90.7,2,mharshavardhanraju
4059,16680428,"Surabhi veda","2026-08-07 01:49:35",90.1,1,surabhiveda
4060,16654404,"Madhan Sidmal","2026-08-11 21:28:45",83.5,2,madhansidmal
4061,16625770,"Đức Trung Trần","2026-08-03 07:26:52",83.4,1,ctrungtrn
4062,16656753,"TAMAL SINGHA ROY","2026-08-05 07:57:48",83.2,2,tamalsingharoy
4063,16624666,"Avik Das","2026-08-01 06:38:21",82.8,2,avikdas567
4064,16633932,omikbop,"2026-08-02 12:36:52",80.7,2,omikbop
4065,16644439," علي ساجد","2026-08-02 21:40:07",76.9,2,jdvdjdv97171ushd
4066,16689555,"kelvin waruingi","2026-08-09 22:45:23",76.5,2,kelvinwaruingi
4067,16654026,"joju shaji","2026-08-09 16:36:43",76.3,2,jojushaji
4068,16675819,RohitS001,"2026-08-11 18:05:54",71.2,2,rohits001
4069,16659501,Duckey,"2026-08-04 13:02:16",64.0,2,bokangletsapo
4070,16696104,"Harshit Meesari","2026-08-09 14:31:00",61.9,1,harshitmeesari
4071,16636333,xiaoyang66,"2026-08-01 12:56:01",57.6,1,kennethhao8
4072,16624047,GUOHAOYANG,"2026-08-11 23:15:44",55.9,2,pkuszboi
4073,16659057,"Jolvin James","2026-08-07 08:04:22",46.3,2,jolvinjames
4074,16659444,"ANKIT AGARWAL","2026-08-11 07:28:29",41.8,2,ankwall223
4075,16685888,LeulYT,"2026-08-10 05:35:44",39.6,2,leulyt
4076,16657568,"Manpreet Singh","2026-08-08 13:45:41",38.5,2,manpreet1994
4077,16683041,Abhishektyagi649,"2026-08-07 08:37:09",32.1,2,abhishektyagi649
4078,16663728,"Al'Humairah Ali","2026-08-10 17:28:01",30.9,1,alhumairahali
4079,16689681,"Prakash Rajan","2026-08-09 16:37:56",30.8,2,prakashai
4080,16662922,BrandonDucar,"2026-08-05 16:38:12",28.6,2,brandonducar
4081,16666218,"sugan Chandrasekar","2026-08-10 13:06:47",8.6,2,suganchandrasekar
4082,16653385,"Vasilii Buzmakov","2026-08-10 14:42:22",-1.4,2,vasiliibuzmakov
4083,16657035,"Christvin Mathew","2026-08-04 08:55:56",-9.4,2,christvinmathew
4084,16675801,"Neeraj Jha","2026-08-06 13:43:18",-29.7,1,neerajjha1996
4085,16659881,SantosR,"2026-08-07 11:15:48",-38.6,2,santosr
4086,16692837,"Sai Uttam Gite","2026-08-09 11:36:32",-41.6,1,saiuttamgite
4087,16659864,"Twin Titans","2026-08-08 07:50:33",-45.0,2,"sivahokage,solaisararaju"
4088,16668701,"Nihal Jamadar","2026-08-09 04:28:26",-57.3,2,nihaljamadar313
4089,16665495,"sai chand Boppudi","2026-08-07 04:19:58",-59.6,2,saichandboppudi
4090,16660261,"YO_ONE CHAUHAN","2026-08-08 23:49:54",-69.5,2,yoonechauhan
4091,16657674,"karthik Reddy Karri","2026-08-04 13:49:20",-83.3,2,"karthikreddykarri,kovvurisaimohanreddy"
